2026-05-13 14:13:34 INFO  core.hooks.Hooks - Starting Scenario: Register validation tests
2026-05-13 14:13:34 INFO  core.hooks.Hooks - Starting Scenario: Register validation tests
2026-05-13 14:13:47 INFO  core.hooks.Hooks - Starting Scenario: Register validation tests
2026-05-13 14:13:47 INFO  core.hooks.Hooks - Starting Scenario: Register validation tests
2026-05-13 14:13:47 INFO  core.hooks.Hooks - Starting Scenario: Register validation tests
2026-05-13 14:13:48 INFO  core.hooks.Hooks - Starting Scenario: Register validation tests
2026-05-13 14:13:48 INFO  core.hooks.Hooks - Starting Scenario: Register validation tests
2026-05-13 14:13:48 INFO  core.hooks.Hooks - Starting Scenario: Register validation tests
2026-05-13 14:13:48 INFO  core.hooks.Hooks - Starting Scenario: Register validation tests
2026-05-13 14:13:48 INFO  core.hooks.Hooks - Starting Scenario: Register validation tests
2026-05-13 14:14:14 INFO  core.hooks.Hooks - Finished Scenario: Register validation tests
2026-05-13 14:14:14 INFO  core.hooks.Hooks - Finished Scenario: Register validation tests
2026-05-13 14:14:14 INFO  core.hooks.Hooks - Finished Scenario: Register validation tests
2026-05-13 14:14:14 INFO  core.hooks.Hooks - Finished Scenario: Register validation tests
2026-05-13 14:14:14 INFO  core.hooks.Hooks - Finished Scenario: Register validation tests
2026-05-13 14:14:14 INFO  core.hooks.Hooks - Finished Scenario: Register validation tests
2026-05-13 14:14:15 INFO  core.hooks.Hooks - Finished Scenario: Register validation tests
2026-05-13 14:14:16 INFO  core.hooks.Hooks - Finished Scenario: Register validation tests
2026-05-13 14:14:16 INFO  core.hooks.Hooks - Finished Scenario: Register validation tests
2026-05-13 14:14:17 INFO  core.hooks.Hooks - Finished Scenario: Register validation tests
2026-05-13 14:23:11 INFO  core.driver.DriverFactory - Initializing browser: chrome
2026-05-13 14:23:11 INFO  core.driver.DriverFactory - Initializing browser: chrome
2026-05-13 14:23:11 INFO  core.driver.DriverFactory - Initializing browser: chrome
2026-05-13 14:23:11 INFO  core.driver.DriverFactory - Initializing browser: chrome
2026-05-13 14:23:11 INFO  core.driver.DriverFactory - Initializing browser: chrome
2026-05-13 14:23:11 INFO  core.driver.DriverFactory - Headless mode: false
2026-05-13 14:23:11 INFO  core.driver.DriverFactory - Initializing browser: chrome
2026-05-13 14:23:11 INFO  core.driver.DriverFactory - Headless mode: false
2026-05-13 14:23:11 INFO  core.driver.DriverFactory - Headless mode: false
2026-05-13 14:23:11 INFO  core.driver.DriverFactory - Initializing browser: chrome
2026-05-13 14:23:11 INFO  core.driver.DriverFactory - Healenium enabled: false
2026-05-13 14:23:11 INFO  core.driver.DriverFactory - Initializing browser: chrome
2026-05-13 14:23:11 INFO  core.driver.DriverFactory - Headless mode: false
2026-05-13 14:23:11 INFO  core.driver.DriverFactory - Headless mode: false
2026-05-13 14:23:11 INFO  core.driver.DriverFactory - Headless mode: false
2026-05-13 14:23:11 INFO  core.driver.DriverFactory - Healenium enabled: false
2026-05-13 14:23:11 INFO  core.driver.DriverFactory - Healenium enabled: false
2026-05-13 14:23:11 INFO  core.driver.DriverFactory - Healenium enabled: false
2026-05-13 14:23:11 INFO  core.driver.DriverFactory - Headless mode: false
2026-05-13 14:23:11 INFO  core.driver.DriverFactory - Initializing browser: chrome
2026-05-13 14:23:11 INFO  core.driver.DriverFactory - Headless mode: false
2026-05-13 14:23:11 INFO  core.driver.DriverFactory - Headless mode: false
2026-05-13 14:23:11 INFO  core.driver.DriverFactory - Healenium enabled: false
2026-05-13 14:23:11 INFO  core.driver.DriverFactory - Healenium enabled: false
2026-05-13 14:23:11 INFO  core.driver.DriverFactory - Healenium enabled: false
2026-05-13 14:23:11 INFO  core.driver.DriverFactory - Healenium enabled: false
2026-05-13 14:23:11 INFO  core.driver.DriverFactory - Initializing browser: chrome
2026-05-13 14:23:11 INFO  core.driver.DriverFactory - Healenium enabled: false
2026-05-13 14:23:11 INFO  core.driver.DriverFactory - Headless mode: false
2026-05-13 14:23:11 INFO  core.driver.DriverFactory - Healenium enabled: false
2026-05-13 14:23:25 INFO  core.driver.DriverFactory - Browser initialized successfully
2026-05-13 14:23:25 INFO  core.hooks.Hooks - Starting Scenario: Register validation tests
2026-05-13 14:23:25 INFO  core.driver.DriverFactory - Browser initialized successfully
2026-05-13 14:23:25 INFO  core.hooks.Hooks - Starting Scenario: Register validation tests
2026-05-13 14:23:26 INFO  core.driver.DriverFactory - Browser initialized successfully
2026-05-13 14:23:26 INFO  core.hooks.Hooks - Starting Scenario: Register validation tests
2026-05-13 14:23:26 INFO  core.driver.DriverFactory - Browser initialized successfully
2026-05-13 14:23:26 INFO  core.hooks.Hooks - Starting Scenario: Register validation tests
2026-05-13 14:23:27 INFO  core.driver.DriverFactory - Browser initialized successfully
2026-05-13 14:23:27 INFO  core.driver.DriverFactory - Browser initialized successfully
2026-05-13 14:23:27 INFO  core.hooks.Hooks - Starting Scenario: Register validation tests
2026-05-13 14:23:27 INFO  core.hooks.Hooks - Starting Scenario: Register validation tests
2026-05-13 14:23:27 INFO  core.driver.DriverFactory - Browser initialized successfully
2026-05-13 14:23:27 INFO  core.hooks.Hooks - Starting Scenario: Register validation tests
2026-05-13 14:23:27 INFO  core.driver.DriverFactory - Browser initialized successfully
2026-05-13 14:23:27 INFO  core.hooks.Hooks - Starting Scenario: Register validation tests
2026-05-13 14:23:27 INFO  core.driver.DriverFactory - Browser initialized successfully
2026-05-13 14:23:27 INFO  core.hooks.Hooks - Starting Scenario: Register validation tests
2026-05-13 14:23:28 INFO  core.driver.DriverFactory - Browser initialized successfully
2026-05-13 14:23:28 INFO  core.hooks.Hooks - Starting Scenario: Register validation tests
2026-05-13 14:23:50 INFO  core.driver.DriverFactory - Driver closed successfully
2026-05-13 14:23:50 INFO  core.hooks.Hooks - Finished Scenario: Register validation tests
2026-05-13 14:23:50 INFO  core.driver.DriverFactory - Driver closed successfully
2026-05-13 14:23:50 INFO  core.hooks.Hooks - Finished Scenario: Register validation tests
2026-05-13 14:23:50 INFO  core.driver.DriverFactory - Driver closed successfully
2026-05-13 14:23:50 INFO  core.driver.DriverFactory - Driver closed successfully
2026-05-13 14:23:50 INFO  core.hooks.Hooks - Finished Scenario: Register validation tests
2026-05-13 14:23:50 INFO  core.hooks.Hooks - Finished Scenario: Register validation tests
2026-05-13 14:23:50 INFO  core.driver.DriverFactory - Driver closed successfully
2026-05-13 14:23:50 INFO  core.hooks.Hooks - Finished Scenario: Register validation tests
2026-05-13 14:23:54 INFO  core.driver.DriverFactory - Driver closed successfully
2026-05-13 14:23:54 INFO  core.hooks.Hooks - Finished Scenario: Register validation tests
2026-05-13 14:23:54 INFO  core.driver.DriverFactory - Driver closed successfully
2026-05-13 14:23:54 INFO  core.hooks.Hooks - Finished Scenario: Register validation tests
2026-05-13 14:23:55 INFO  core.driver.DriverFactory - Driver closed successfully
2026-05-13 14:23:55 INFO  core.hooks.Hooks - Finished Scenario: Register validation tests
2026-05-13 14:23:55 INFO  core.driver.DriverFactory - Driver closed successfully
2026-05-13 14:23:55 INFO  core.hooks.Hooks - Finished Scenario: Register validation tests
2026-05-13 14:23:55 INFO  core.driver.DriverFactory - Driver closed successfully
2026-05-13 14:23:55 INFO  core.hooks.Hooks - Finished Scenario: Register validation tests
2026-05-13 14:27:33 INFO  core.driver.DriverFactory - Initializing browser: chrome
2026-05-13 14:27:33 INFO  core.driver.DriverFactory - Headless mode: false
2026-05-13 14:27:33 INFO  core.driver.DriverFactory - Initializing browser: chrome
2026-05-13 14:27:33 INFO  core.driver.DriverFactory - Initializing browser: chrome
2026-05-13 14:27:33 INFO  core.driver.DriverFactory - Headless mode: false
2026-05-13 14:27:33 INFO  core.driver.DriverFactory - Initializing browser: chrome
2026-05-13 14:27:33 INFO  core.driver.DriverFactory - Initializing browser: chrome
2026-05-13 14:27:33 INFO  core.driver.DriverFactory - Initializing browser: chrome
2026-05-13 14:27:33 INFO  core.driver.DriverFactory - Initializing browser: chrome
2026-05-13 14:27:33 INFO  core.driver.DriverFactory - Initializing browser: chrome
2026-05-13 14:27:33 INFO  core.driver.DriverFactory - Headless mode: false
2026-05-13 14:27:33 INFO  core.driver.DriverFactory - Headless mode: false
2026-05-13 14:27:33 INFO  core.driver.DriverFactory - Healenium enabled: false
2026-05-13 14:27:33 INFO  core.driver.DriverFactory - Healenium enabled: false
2026-05-13 14:27:33 INFO  core.driver.DriverFactory - Initializing browser: chrome
2026-05-13 14:27:33 INFO  core.driver.DriverFactory - Initializing browser: chrome
2026-05-13 14:27:33 INFO  core.driver.DriverFactory - Healenium enabled: false
2026-05-13 14:27:33 INFO  core.driver.DriverFactory - Headless mode: false
2026-05-13 14:27:33 INFO  core.driver.DriverFactory - Headless mode: false
2026-05-13 14:27:33 INFO  core.driver.DriverFactory - Headless mode: false
2026-05-13 14:27:33 INFO  core.driver.DriverFactory - Healenium enabled: false
2026-05-13 14:27:33 INFO  core.driver.DriverFactory - Headless mode: false
2026-05-13 14:27:33 INFO  core.driver.DriverFactory - Healenium enabled: false
2026-05-13 14:27:33 INFO  core.driver.DriverFactory - Headless mode: false
2026-05-13 14:27:33 INFO  core.driver.DriverFactory - Healenium enabled: false
2026-05-13 14:27:33 INFO  core.driver.DriverFactory - Healenium enabled: false
2026-05-13 14:27:33 INFO  core.driver.DriverFactory - Healenium enabled: false
2026-05-13 14:27:33 INFO  core.driver.DriverFactory - Healenium enabled: false
2026-05-13 14:27:33 INFO  core.driver.DriverFactory - Headless mode: false
2026-05-13 14:27:33 INFO  core.driver.DriverFactory - Healenium enabled: false
2026-05-13 14:27:46 INFO  core.driver.DriverFactory - Browser initialized successfully
2026-05-13 14:27:46 INFO  core.hooks.Hooks - Starting Scenario: Register validation tests
2026-05-13 14:27:47 INFO  core.driver.DriverFactory - Browser initialized successfully
2026-05-13 14:27:47 INFO  core.hooks.Hooks - Starting Scenario: Register validation tests
2026-05-13 14:27:47 INFO  core.driver.DriverFactory - Browser initialized successfully
2026-05-13 14:27:47 INFO  core.hooks.Hooks - Starting Scenario: Register validation tests
2026-05-13 14:27:47 INFO  core.driver.DriverFactory - Browser initialized successfully
2026-05-13 14:27:47 INFO  core.hooks.Hooks - Starting Scenario: Register validation tests
2026-05-13 14:27:48 INFO  core.driver.DriverFactory - Browser initialized successfully
2026-05-13 14:27:48 INFO  core.hooks.Hooks - Starting Scenario: Register validation tests
2026-05-13 14:27:48 INFO  core.driver.DriverFactory - Browser initialized successfully
2026-05-13 14:27:48 INFO  core.hooks.Hooks - Starting Scenario: Register validation tests
2026-05-13 14:27:48 INFO  core.driver.DriverFactory - Browser initialized successfully
2026-05-13 14:27:48 INFO  core.hooks.Hooks - Starting Scenario: Register validation tests
2026-05-13 14:27:48 INFO  core.driver.DriverFactory - Browser initialized successfully
2026-05-13 14:27:48 INFO  core.hooks.Hooks - Starting Scenario: Register validation tests
2026-05-13 14:27:49 INFO  core.driver.DriverFactory - Browser initialized successfully
2026-05-13 14:27:49 INFO  core.hooks.Hooks - Starting Scenario: Register validation tests
2026-05-13 14:27:49 INFO  core.driver.DriverFactory - Browser initialized successfully
2026-05-13 14:27:49 INFO  core.hooks.Hooks - Starting Scenario: Register validation tests
2026-05-13 14:28:11 INFO  core.driver.DriverFactory - Driver closed successfully
2026-05-13 14:28:11 INFO  core.hooks.Hooks - Finished Scenario: Register validation tests
2026-05-13 14:28:12 INFO  core.driver.DriverFactory - Driver closed successfully
2026-05-13 14:28:12 INFO  core.hooks.Hooks - Finished Scenario: Register validation tests
2026-05-13 14:28:12 INFO  core.driver.DriverFactory - Driver closed successfully
2026-05-13 14:28:12 INFO  core.hooks.Hooks - Finished Scenario: Register validation tests
2026-05-13 14:28:12 INFO  core.driver.DriverFactory - Driver closed successfully
2026-05-13 14:28:12 INFO  core.hooks.Hooks - Finished Scenario: Register validation tests
2026-05-13 14:28:12 INFO  core.driver.DriverFactory - Driver closed successfully
2026-05-13 14:28:12 INFO  core.hooks.Hooks - Finished Scenario: Register validation tests
2026-05-13 14:28:16 INFO  core.driver.DriverFactory - Driver closed successfully
2026-05-13 14:28:16 INFO  core.hooks.Hooks - Finished Scenario: Register validation tests
2026-05-13 14:28:16 INFO  core.driver.DriverFactory - Driver closed successfully
2026-05-13 14:28:16 INFO  core.hooks.Hooks - Finished Scenario: Register validation tests
2026-05-13 14:28:19 INFO  core.driver.DriverFactory - Driver closed successfully
2026-05-13 14:28:19 INFO  core.hooks.Hooks - Finished Scenario: Register validation tests
2026-05-13 14:28:19 INFO  core.driver.DriverFactory - Driver closed successfully
2026-05-13 14:28:19 INFO  core.hooks.Hooks - Finished Scenario: Register validation tests
2026-05-13 14:28:20 INFO  core.driver.DriverFactory - Driver closed successfully
2026-05-13 14:28:20 INFO  core.hooks.Hooks - Finished Scenario: Register validation tests
2026-05-13 14:35:47 INFO  core.driver.DriverFactory - Initializing browser: chrome
2026-05-13 14:35:47 INFO  core.driver.DriverFactory - Initializing browser: chrome
2026-05-13 14:35:47 INFO  core.driver.DriverFactory - Initializing browser: chrome
2026-05-13 14:35:47 INFO  core.driver.DriverFactory - Initializing browser: chrome
2026-05-13 14:35:47 INFO  core.driver.DriverFactory - Initializing browser: chrome
2026-05-13 14:35:47 INFO  core.driver.DriverFactory - Headless mode: false
2026-05-13 14:35:47 INFO  core.driver.DriverFactory - Initializing browser: chrome
2026-05-13 14:35:47 INFO  core.driver.DriverFactory - Initializing browser: chrome
2026-05-13 14:35:47 INFO  core.driver.DriverFactory - Initializing browser: chrome
2026-05-13 14:35:47 INFO  core.driver.DriverFactory - Initializing browser: chrome
2026-05-13 14:35:47 INFO  core.driver.DriverFactory - Headless mode: false
2026-05-13 14:35:47 INFO  core.driver.DriverFactory - Headless mode: false
2026-05-13 14:35:47 INFO  core.driver.DriverFactory - Headless mode: false
2026-05-13 14:35:47 INFO  core.driver.DriverFactory - Headless mode: false
2026-05-13 14:35:47 INFO  core.driver.DriverFactory - Headless mode: false
2026-05-13 14:35:47 INFO  core.driver.DriverFactory - Initializing browser: chrome
2026-05-13 14:35:47 INFO  core.driver.DriverFactory - Healenium enabled: false
2026-05-13 14:35:47 INFO  core.driver.DriverFactory - Healenium enabled: false
2026-05-13 14:35:47 INFO  core.driver.DriverFactory - Headless mode: false
2026-05-13 14:35:47 INFO  core.driver.DriverFactory - Headless mode: false
2026-05-13 14:35:47 INFO  core.driver.DriverFactory - Healenium enabled: false
2026-05-13 14:35:47 INFO  core.driver.DriverFactory - Healenium enabled: false
2026-05-13 14:35:47 INFO  core.driver.DriverFactory - Healenium enabled: false
2026-05-13 14:35:47 INFO  core.driver.DriverFactory - Healenium enabled: false
2026-05-13 14:35:47 INFO  core.driver.DriverFactory - Headless mode: false
2026-05-13 14:35:47 INFO  core.driver.DriverFactory - Healenium enabled: false
2026-05-13 14:35:47 INFO  core.driver.DriverFactory - Headless mode: false
2026-05-13 14:35:47 INFO  core.driver.DriverFactory - Healenium enabled: false
2026-05-13 14:35:47 INFO  core.driver.DriverFactory - Healenium enabled: false
2026-05-13 14:35:47 INFO  core.driver.DriverFactory - Healenium enabled: false
2026-05-13 14:36:00 INFO  core.driver.DriverFactory - Browser initialized successfully
2026-05-13 14:36:00 INFO  core.hooks.Hooks - Starting Scenario: Register validation tests
2026-05-13 14:36:01 INFO  core.driver.DriverFactory - Browser initialized successfully
2026-05-13 14:36:01 INFO  core.hooks.Hooks - Starting Scenario: Register validation tests
2026-05-13 14:36:01 INFO  core.driver.DriverFactory - Browser initialized successfully
2026-05-13 14:36:01 INFO  core.hooks.Hooks - Starting Scenario: Register validation tests
2026-05-13 14:36:02 INFO  core.driver.DriverFactory - Browser initialized successfully
2026-05-13 14:36:02 INFO  core.hooks.Hooks - Starting Scenario: Register validation tests
2026-05-13 14:36:02 INFO  core.driver.DriverFactory - Browser initialized successfully
2026-05-13 14:36:02 INFO  core.hooks.Hooks - Starting Scenario: Register validation tests
2026-05-13 14:36:02 INFO  core.driver.DriverFactory - Browser initialized successfully
2026-05-13 14:36:02 INFO  core.hooks.Hooks - Starting Scenario: Register validation tests
2026-05-13 14:36:02 INFO  core.driver.DriverFactory - Browser initialized successfully
2026-05-13 14:36:02 INFO  core.hooks.Hooks - Starting Scenario: Register validation tests
2026-05-13 14:36:03 INFO  core.driver.DriverFactory - Browser initialized successfully
2026-05-13 14:36:03 INFO  core.hooks.Hooks - Starting Scenario: Register validation tests
2026-05-13 14:36:03 INFO  core.driver.DriverFactory - Browser initialized successfully
2026-05-13 14:36:03 INFO  core.hooks.Hooks - Starting Scenario: Register validation tests
2026-05-13 14:36:03 INFO  core.driver.DriverFactory - Browser initialized successfully
2026-05-13 14:36:03 INFO  core.hooks.Hooks - Starting Scenario: Register validation tests
2026-05-13 14:36:06 INFO  core.utils.ExcelReader - Reading test data from Excel. File: src/test/resources/testdata/RegisterData.xlsx, Sheet: Register, TestCase: TC_REGISTER_009
2026-05-13 14:36:08 INFO  core.utils.ExcelReader - Test data loaded successfully for: TC_REGISTER_009
2026-05-13 14:36:08 INFO  core.utils.ExcelReader - Reading test data from Excel. File: src/test/resources/testdata/RegisterData.xlsx, Sheet: Register, TestCase: TC_REGISTER_010
2026-05-13 14:36:08 INFO  core.utils.ExcelReader - Test data loaded successfully for: TC_REGISTER_010
2026-05-13 14:36:08 INFO  core.utils.ExcelReader - Reading test data from Excel. File: src/test/resources/testdata/RegisterData.xlsx, Sheet: Register, TestCase: TC_REGISTER_008
2026-05-13 14:36:08 INFO  core.utils.ExcelReader - Test data loaded successfully for: TC_REGISTER_008
2026-05-13 14:36:09 INFO  core.utils.ExcelReader - Reading test data from Excel. File: src/test/resources/testdata/RegisterData.xlsx, Sheet: Register, TestCase: TC_REGISTER_006
2026-05-13 14:36:09 INFO  core.utils.ExcelReader - Reading test data from Excel. File: src/test/resources/testdata/RegisterData.xlsx, Sheet: Register, TestCase: TC_REGISTER_003
2026-05-13 14:36:09 INFO  core.utils.ExcelReader - Test data loaded successfully for: TC_REGISTER_003
2026-05-13 14:36:09 INFO  core.utils.ExcelReader - Test data loaded successfully for: TC_REGISTER_006
2026-05-13 14:36:09 INFO  core.utils.ExcelReader - Reading test data from Excel. File: src/test/resources/testdata/RegisterData.xlsx, Sheet: Register, TestCase: TC_REGISTER_001
2026-05-13 14:36:09 INFO  core.utils.ExcelReader - Test data loaded successfully for: TC_REGISTER_001
2026-05-13 14:36:10 INFO  core.utils.ExcelReader - Reading test data from Excel. File: src/test/resources/testdata/RegisterData.xlsx, Sheet: Register, TestCase: TC_REGISTER_004
2026-05-13 14:36:10 INFO  core.utils.ExcelReader - Test data loaded successfully for: TC_REGISTER_004
2026-05-13 14:36:10 INFO  core.utils.ExcelReader - Reading test data from Excel. File: src/test/resources/testdata/RegisterData.xlsx, Sheet: Register, TestCase: TC_REGISTER_007
2026-05-13 14:36:10 INFO  core.utils.ExcelReader - Test data loaded successfully for: TC_REGISTER_007
2026-05-13 14:36:11 INFO  core.utils.ExcelReader - Reading test data from Excel. File: src/test/resources/testdata/RegisterData.xlsx, Sheet: Register, TestCase: TC_REGISTER_005
2026-05-13 14:36:11 INFO  core.utils.ExcelReader - Test data loaded successfully for: TC_REGISTER_005
2026-05-13 14:36:11 INFO  core.utils.ExcelReader - Reading test data from Excel. File: src/test/resources/testdata/RegisterData.xlsx, Sheet: Register, TestCase: TC_REGISTER_002
2026-05-13 14:36:11 INFO  core.utils.ExcelReader - Test data loaded successfully for: TC_REGISTER_002
2026-05-13 14:36:17 INFO  core.utils.ExcelReader - Reading test data from Excel. File: src/test/resources/testdata/RegisterData.xlsx, Sheet: Register, TestCase: TC_REGISTER_001
2026-05-13 14:36:17 INFO  core.utils.ExcelReader - Test data loaded successfully for: TC_REGISTER_001
2026-05-13 14:36:17 INFO  core.utils.ExcelReader - Reading test data from Excel. File: src/test/resources/testdata/RegisterData.xlsx, Sheet: Register, TestCase: TC_REGISTER_010
2026-05-13 14:36:17 INFO  core.utils.ExcelReader - Test data loaded successfully for: TC_REGISTER_010
2026-05-13 14:36:18 INFO  core.utils.ExcelReader - Reading test data from Excel. File: src/test/resources/testdata/RegisterData.xlsx, Sheet: Register, TestCase: TC_REGISTER_003
2026-05-13 14:36:18 INFO  core.utils.ExcelReader - Test data loaded successfully for: TC_REGISTER_003
2026-05-13 14:36:18 INFO  core.utils.ExcelReader - Reading test data from Excel. File: src/test/resources/testdata/RegisterData.xlsx, Sheet: Register, TestCase: TC_REGISTER_006
2026-05-13 14:36:18 INFO  core.utils.ExcelReader - Reading test data from Excel. File: src/test/resources/testdata/RegisterData.xlsx, Sheet: Register, TestCase: TC_REGISTER_009
2026-05-13 14:36:18 INFO  core.utils.ExcelReader - Test data loaded successfully for: TC_REGISTER_009
2026-05-13 14:36:18 INFO  core.utils.ExcelReader - Test data loaded successfully for: TC_REGISTER_006
2026-05-13 14:36:19 INFO  core.utils.ExcelReader - Reading test data from Excel. File: src/test/resources/testdata/RegisterData.xlsx, Sheet: Register, TestCase: TC_REGISTER_007
2026-05-13 14:36:19 INFO  core.utils.ExcelReader - Reading test data from Excel. File: src/test/resources/testdata/RegisterData.xlsx, Sheet: Register, TestCase: TC_REGISTER_002
2026-05-13 14:36:19 INFO  core.utils.ExcelReader - Test data loaded successfully for: TC_REGISTER_002
2026-05-13 14:36:19 INFO  core.utils.ExcelReader - Test data loaded successfully for: TC_REGISTER_007
2026-05-13 14:36:20 INFO  core.utils.ExcelReader - Reading test data from Excel. File: src/test/resources/testdata/RegisterData.xlsx, Sheet: Register, TestCase: TC_REGISTER_004
2026-05-13 14:36:20 INFO  core.utils.ExcelReader - Test data loaded successfully for: TC_REGISTER_004
2026-05-13 14:36:20 INFO  core.utils.ExcelReader - Reading test data from Excel. File: src/test/resources/testdata/RegisterData.xlsx, Sheet: Register, TestCase: TC_REGISTER_008
2026-05-13 14:36:20 INFO  core.utils.ExcelReader - Reading test data from Excel. File: src/test/resources/testdata/RegisterData.xlsx, Sheet: Register, TestCase: TC_REGISTER_005
2026-05-13 14:36:20 INFO  core.utils.ExcelReader - Test data loaded successfully for: TC_REGISTER_008
2026-05-13 14:36:20 INFO  core.utils.ExcelReader - Test data loaded successfully for: TC_REGISTER_005
2026-05-13 14:36:23 INFO  core.driver.DriverFactory - Driver closed successfully
2026-05-13 14:36:23 INFO  core.hooks.Hooks - Finished Scenario: Register validation tests
2026-05-13 14:36:24 INFO  core.driver.DriverFactory - Driver closed successfully
2026-05-13 14:36:24 INFO  core.hooks.Hooks - Finished Scenario: Register validation tests
2026-05-13 14:36:24 INFO  core.driver.DriverFactory - Driver closed successfully
2026-05-13 14:36:24 INFO  core.hooks.Hooks - Finished Scenario: Register validation tests
2026-05-13 14:36:24 INFO  core.driver.DriverFactory - Driver closed successfully
2026-05-13 14:36:24 INFO  core.hooks.Hooks - Finished Scenario: Register validation tests
2026-05-13 14:36:24 INFO  core.driver.DriverFactory - Driver closed successfully
2026-05-13 14:36:24 INFO  core.hooks.Hooks - Finished Scenario: Register validation tests
2026-05-13 14:36:30 INFO  core.driver.DriverFactory - Driver closed successfully
2026-05-13 14:36:30 INFO  core.hooks.Hooks - Finished Scenario: Register validation tests
2026-05-13 14:36:32 INFO  core.driver.DriverFactory - Driver closed successfully
2026-05-13 14:36:32 INFO  core.hooks.Hooks - Finished Scenario: Register validation tests
2026-05-13 14:36:32 INFO  core.driver.DriverFactory - Driver closed successfully
2026-05-13 14:36:32 INFO  core.hooks.Hooks - Finished Scenario: Register validation tests
2026-05-13 14:36:32 INFO  core.driver.DriverFactory - Driver closed successfully
2026-05-13 14:36:32 INFO  core.hooks.Hooks - Finished Scenario: Register validation tests
2026-05-13 14:36:32 INFO  core.driver.DriverFactory - Driver closed successfully
2026-05-13 14:36:32 INFO  core.hooks.Hooks - Finished Scenario: Register validation tests
2026-05-13 14:37:19 INFO  core.driver.DriverFactory - Initializing browser: chrome
2026-05-13 14:37:19 INFO  core.driver.DriverFactory - Initializing browser: chrome
2026-05-13 14:37:19 INFO  core.driver.DriverFactory - Initializing browser: chrome
2026-05-13 14:37:19 INFO  core.driver.DriverFactory - Initializing browser: chrome
2026-05-13 14:37:19 INFO  core.driver.DriverFactory - Initializing browser: chrome
2026-05-13 14:37:19 INFO  core.driver.DriverFactory - Headless mode: false
2026-05-13 14:37:19 INFO  core.driver.DriverFactory - Initializing browser: chrome
2026-05-13 14:37:19 INFO  core.driver.DriverFactory - Initializing browser: chrome
2026-05-13 14:37:19 INFO  core.driver.DriverFactory - Initializing browser: chrome
2026-05-13 14:37:19 INFO  core.driver.DriverFactory - Headless mode: false
2026-05-13 14:37:19 INFO  core.driver.DriverFactory - Healenium enabled: false
2026-05-13 14:37:19 INFO  core.driver.DriverFactory - Headless mode: false
2026-05-13 14:37:19 INFO  core.driver.DriverFactory - Headless mode: false
2026-05-13 14:37:19 INFO  core.driver.DriverFactory - Headless mode: false
2026-05-13 14:37:19 INFO  core.driver.DriverFactory - Headless mode: false
2026-05-13 14:37:19 INFO  core.driver.DriverFactory - Healenium enabled: false
2026-05-13 14:37:19 INFO  core.driver.DriverFactory - Initializing browser: chrome
2026-05-13 14:37:19 INFO  core.driver.DriverFactory - Headless mode: false
2026-05-13 14:37:19 INFO  core.driver.DriverFactory - Initializing browser: chrome
2026-05-13 14:37:20 INFO  core.driver.DriverFactory - Healenium enabled: false
2026-05-13 14:37:20 INFO  core.driver.DriverFactory - Healenium enabled: false
2026-05-13 14:37:19 INFO  core.driver.DriverFactory - Headless mode: false
2026-05-13 14:37:19 INFO  core.driver.DriverFactory - Healenium enabled: false
2026-05-13 14:37:20 INFO  core.driver.DriverFactory - Headless mode: false
2026-05-13 14:37:20 INFO  core.driver.DriverFactory - Healenium enabled: false
2026-05-13 14:37:20 INFO  core.driver.DriverFactory - Healenium enabled: false
2026-05-13 14:37:20 INFO  core.driver.DriverFactory - Headless mode: false
2026-05-13 14:37:20 INFO  core.driver.DriverFactory - Healenium enabled: false
2026-05-13 14:37:20 INFO  core.driver.DriverFactory - Healenium enabled: false
2026-05-13 14:37:20 INFO  core.driver.DriverFactory - Healenium enabled: false
2026-05-13 14:37:34 INFO  core.driver.DriverFactory - Browser initialized successfully
2026-05-13 14:37:34 INFO  core.hooks.Hooks - Starting Scenario: Register validation tests
2026-05-13 14:37:34 INFO  core.driver.DriverFactory - Browser initialized successfully
2026-05-13 14:37:34 INFO  core.hooks.Hooks - Starting Scenario: Register validation tests
2026-05-13 14:37:34 INFO  core.driver.DriverFactory - Browser initialized successfully
2026-05-13 14:37:34 INFO  core.hooks.Hooks - Starting Scenario: Register validation tests
2026-05-13 14:37:35 INFO  core.driver.DriverFactory - Browser initialized successfully
2026-05-13 14:37:35 INFO  core.hooks.Hooks - Starting Scenario: Register validation tests
2026-05-13 14:37:35 INFO  core.driver.DriverFactory - Browser initialized successfully
2026-05-13 14:37:35 INFO  core.hooks.Hooks - Starting Scenario: Register validation tests
2026-05-13 14:37:35 INFO  core.driver.DriverFactory - Browser initialized successfully
2026-05-13 14:37:35 INFO  core.hooks.Hooks - Starting Scenario: Register validation tests
2026-05-13 14:37:36 INFO  core.driver.DriverFactory - Browser initialized successfully
2026-05-13 14:37:36 INFO  core.hooks.Hooks - Starting Scenario: Register validation tests
2026-05-13 14:37:36 INFO  core.driver.DriverFactory - Browser initialized successfully
2026-05-13 14:37:36 INFO  core.hooks.Hooks - Starting Scenario: Register validation tests
2026-05-13 14:37:36 INFO  core.driver.DriverFactory - Browser initialized successfully
2026-05-13 14:37:36 INFO  core.hooks.Hooks - Starting Scenario: Register validation tests
2026-05-13 14:37:36 INFO  core.driver.DriverFactory - Browser initialized successfully
2026-05-13 14:37:36 INFO  core.hooks.Hooks - Starting Scenario: Register validation tests
2026-05-13 14:37:36 INFO  core.utils.ExcelReader - Reading test data from Excel. File: src/test/resources/testdata/RegisterData.xlsx, Sheet: Register, TestCase: TC_REGISTER_008
2026-05-13 14:37:38 INFO  core.utils.ExcelReader - Test data loaded successfully for: TC_REGISTER_008
2026-05-13 14:37:39 INFO  core.utils.ExcelReader - Reading test data from Excel. File: src/test/resources/testdata/RegisterData.xlsx, Sheet: Register, TestCase: TC_REGISTER_006
2026-05-13 14:37:39 INFO  core.utils.ExcelReader - Test data loaded successfully for: TC_REGISTER_006
2026-05-13 14:37:39 INFO  core.utils.ExcelReader - Reading test data from Excel. File: src/test/resources/testdata/RegisterData.xlsx, Sheet: Register, TestCase: TC_REGISTER_001
2026-05-13 14:37:40 INFO  core.utils.ExcelReader - Test data loaded successfully for: TC_REGISTER_001
2026-05-13 14:37:40 INFO  core.utils.ExcelReader - Reading test data from Excel. File: src/test/resources/testdata/RegisterData.xlsx, Sheet: Register, TestCase: TC_REGISTER_004
2026-05-13 14:37:40 INFO  core.utils.ExcelReader - Reading test data from Excel. File: src/test/resources/testdata/RegisterData.xlsx, Sheet: Register, TestCase: TC_REGISTER_010
2026-05-13 14:37:40 INFO  core.utils.ExcelReader - Test data loaded successfully for: TC_REGISTER_010
2026-05-13 14:37:40 INFO  core.utils.ExcelReader - Test data loaded successfully for: TC_REGISTER_004
2026-05-13 14:37:42 INFO  core.utils.ExcelReader - Reading test data from Excel. File: src/test/resources/testdata/RegisterData.xlsx, Sheet: Register, TestCase: TC_REGISTER_009
2026-05-13 14:37:42 INFO  core.utils.ExcelReader - Test data loaded successfully for: TC_REGISTER_009
2026-05-13 14:37:42 INFO  core.utils.ExcelReader - Reading test data from Excel. File: src/test/resources/testdata/RegisterData.xlsx, Sheet: Register, TestCase: TC_REGISTER_005
2026-05-13 14:37:43 INFO  core.utils.ExcelReader - Test data loaded successfully for: TC_REGISTER_005
2026-05-13 14:37:43 INFO  core.utils.ExcelReader - Reading test data from Excel. File: src/test/resources/testdata/RegisterData.xlsx, Sheet: Register, TestCase: TC_REGISTER_003
2026-05-13 14:37:43 INFO  core.utils.ExcelReader - Test data loaded successfully for: TC_REGISTER_003
2026-05-13 14:37:44 INFO  core.utils.ExcelReader - Reading test data from Excel. File: src/test/resources/testdata/RegisterData.xlsx, Sheet: Register, TestCase: TC_REGISTER_007
2026-05-13 14:37:44 INFO  core.utils.ExcelReader - Test data loaded successfully for: TC_REGISTER_007
2026-05-13 14:37:44 INFO  core.utils.ExcelReader - Reading test data from Excel. File: src/test/resources/testdata/RegisterData.xlsx, Sheet: Register, TestCase: TC_REGISTER_002
2026-05-13 14:37:44 INFO  core.utils.ExcelReader - Test data loaded successfully for: TC_REGISTER_002
2026-05-13 14:37:50 INFO  core.utils.ExcelReader - Reading test data from Excel. File: src/test/resources/testdata/RegisterData.xlsx, Sheet: Register, TestCase: TC_REGISTER_008
2026-05-13 14:37:50 INFO  core.utils.ExcelReader - Test data loaded successfully for: TC_REGISTER_008
2026-05-13 14:37:50 INFO  core.utils.ExcelReader - Reading test data from Excel. File: src/test/resources/testdata/RegisterData.xlsx, Sheet: Register, TestCase: TC_REGISTER_006
2026-05-13 14:37:50 INFO  core.utils.ExcelReader - Test data loaded successfully for: TC_REGISTER_006
2026-05-13 14:37:51 INFO  core.utils.ExcelReader - Reading test data from Excel. File: src/test/resources/testdata/RegisterData.xlsx, Sheet: Register, TestCase: TC_REGISTER_003
2026-05-13 14:37:51 INFO  core.utils.ExcelReader - Test data loaded successfully for: TC_REGISTER_003
2026-05-13 14:37:51 INFO  core.utils.ExcelReader - Reading test data from Excel. File: src/test/resources/testdata/RegisterData.xlsx, Sheet: Register, TestCase: TC_REGISTER_001
2026-05-13 14:37:51 INFO  core.utils.ExcelReader - Reading test data from Excel. File: src/test/resources/testdata/RegisterData.xlsx, Sheet: Register, TestCase: TC_REGISTER_007
2026-05-13 14:37:51 INFO  core.utils.ExcelReader - Reading test data from Excel. File: src/test/resources/testdata/RegisterData.xlsx, Sheet: Register, TestCase: TC_REGISTER_010
2026-05-13 14:37:51 INFO  core.utils.ExcelReader - Reading test data from Excel. File: src/test/resources/testdata/RegisterData.xlsx, Sheet: Register, TestCase: TC_REGISTER_009
2026-05-13 14:37:51 INFO  core.utils.ExcelReader - Test data loaded successfully for: TC_REGISTER_007
2026-05-13 14:37:51 INFO  core.utils.ExcelReader - Test data loaded successfully for: TC_REGISTER_010
2026-05-13 14:37:51 INFO  core.utils.ExcelReader - Test data loaded successfully for: TC_REGISTER_001
2026-05-13 14:37:51 INFO  core.utils.ExcelReader - Test data loaded successfully for: TC_REGISTER_009
2026-05-13 14:37:52 INFO  core.utils.ExcelReader - Reading test data from Excel. File: src/test/resources/testdata/RegisterData.xlsx, Sheet: Register, TestCase: TC_REGISTER_002
2026-05-13 14:37:52 INFO  core.utils.ExcelReader - Test data loaded successfully for: TC_REGISTER_002
2026-05-13 14:37:52 INFO  core.utils.ExcelReader - Reading test data from Excel. File: src/test/resources/testdata/RegisterData.xlsx, Sheet: Register, TestCase: TC_REGISTER_005
2026-05-13 14:37:52 INFO  core.utils.ExcelReader - Test data loaded successfully for: TC_REGISTER_005
2026-05-13 14:37:54 INFO  core.utils.ExcelReader - Reading test data from Excel. File: src/test/resources/testdata/RegisterData.xlsx, Sheet: Register, TestCase: TC_REGISTER_004
2026-05-13 14:37:54 INFO  core.utils.ExcelReader - Test data loaded successfully for: TC_REGISTER_004
2026-05-13 14:38:00 INFO  core.driver.DriverFactory - Driver closed successfully
2026-05-13 14:38:00 INFO  core.hooks.Hooks - Finished Scenario: Register validation tests
2026-05-13 14:38:00 INFO  core.driver.DriverFactory - Driver closed successfully
2026-05-13 14:38:00 INFO  core.hooks.Hooks - Finished Scenario: Register validation tests
2026-05-13 14:38:00 INFO  core.driver.DriverFactory - Driver closed successfully
2026-05-13 14:38:00 INFO  core.hooks.Hooks - Finished Scenario: Register validation tests
2026-05-13 14:38:00 INFO  core.driver.DriverFactory - Driver closed successfully
2026-05-13 14:38:00 INFO  core.hooks.Hooks - Finished Scenario: Register validation tests
2026-05-13 14:38:01 INFO  core.driver.DriverFactory - Driver closed successfully
2026-05-13 14:38:01 INFO  core.hooks.Hooks - Finished Scenario: Register validation tests
2026-05-13 14:38:02 INFO  core.driver.DriverFactory - Driver closed successfully
2026-05-13 14:38:02 INFO  core.hooks.Hooks - Finished Scenario: Register validation tests
2026-05-13 14:38:03 INFO  core.driver.DriverFactory - Driver closed successfully
2026-05-13 14:38:03 INFO  core.driver.DriverFactory - Driver closed successfully
2026-05-13 14:38:03 INFO  core.hooks.Hooks - Finished Scenario: Register validation tests
2026-05-13 14:38:03 INFO  core.hooks.Hooks - Finished Scenario: Register validation tests
2026-05-13 14:38:03 INFO  core.driver.DriverFactory - Driver closed successfully
2026-05-13 14:38:03 INFO  core.hooks.Hooks - Finished Scenario: Register validation tests
2026-05-13 14:38:05 INFO  core.driver.DriverFactory - Driver closed successfully
2026-05-13 14:38:05 INFO  core.hooks.Hooks - Finished Scenario: Register validation tests
2026-05-13 14:57:27 INFO  core.driver.DriverFactory - Initializing browser: chrome
2026-05-13 14:57:27 INFO  core.driver.DriverFactory - Initializing browser: chrome
2026-05-13 14:57:27 INFO  core.driver.DriverFactory - Initializing browser: chrome
2026-05-13 14:57:27 INFO  core.driver.DriverFactory - Initializing browser: chrome
2026-05-13 14:57:27 INFO  core.driver.DriverFactory - Initializing browser: chrome
2026-05-13 14:57:27 INFO  core.driver.DriverFactory - Initializing browser: chrome
2026-05-13 14:57:27 INFO  core.driver.DriverFactory - Headless mode: false
2026-05-13 14:57:27 INFO  core.driver.DriverFactory - Initializing browser: chrome
2026-05-13 14:57:27 INFO  core.driver.DriverFactory - Headless mode: false
2026-05-13 14:57:27 INFO  core.driver.DriverFactory - Initializing browser: chrome
2026-05-13 14:57:27 INFO  core.driver.DriverFactory - Initializing browser: chrome
2026-05-13 14:57:27 INFO  core.driver.DriverFactory - Healenium enabled: false
2026-05-13 14:57:27 INFO  core.driver.DriverFactory - Healenium enabled: false
2026-05-13 14:57:27 INFO  core.driver.DriverFactory - Initializing browser: chrome
2026-05-13 14:57:27 INFO  core.driver.DriverFactory - Headless mode: false
2026-05-13 14:57:27 INFO  core.driver.DriverFactory - Headless mode: false
2026-05-13 14:57:27 INFO  core.driver.DriverFactory - Headless mode: false
2026-05-13 14:57:27 INFO  core.driver.DriverFactory - Headless mode: false
2026-05-13 14:57:27 INFO  core.driver.DriverFactory - Healenium enabled: false
2026-05-13 14:57:27 INFO  core.driver.DriverFactory - Headless mode: false
2026-05-13 14:57:27 INFO  core.driver.DriverFactory - Healenium enabled: false
2026-05-13 14:57:27 INFO  core.driver.DriverFactory - Healenium enabled: false
2026-05-13 14:57:27 INFO  core.driver.DriverFactory - Headless mode: false
2026-05-13 14:57:27 INFO  core.driver.DriverFactory - Headless mode: false
2026-05-13 14:57:27 INFO  core.driver.DriverFactory - Headless mode: false
2026-05-13 14:57:27 INFO  core.driver.DriverFactory - Healenium enabled: false
2026-05-13 14:57:27 INFO  core.driver.DriverFactory - Healenium enabled: false
2026-05-13 14:57:27 INFO  core.driver.DriverFactory - Healenium enabled: false
2026-05-13 14:57:27 INFO  core.driver.DriverFactory - Healenium enabled: false
2026-05-13 14:57:27 INFO  core.driver.DriverFactory - Healenium enabled: false
2026-05-13 14:57:40 INFO  core.driver.DriverFactory - Browser initialized successfully
2026-05-13 14:57:40 INFO  core.hooks.Hooks - Starting Scenario: Register validation tests
2026-05-13 14:57:41 INFO  core.driver.DriverFactory - Browser initialized successfully
2026-05-13 14:57:41 INFO  core.hooks.Hooks - Starting Scenario: Register validation tests
2026-05-13 14:57:41 INFO  core.driver.DriverFactory - Browser initialized successfully
2026-05-13 14:57:41 INFO  core.hooks.Hooks - Starting Scenario: Register validation tests
2026-05-13 14:57:41 INFO  core.driver.DriverFactory - Browser initialized successfully
2026-05-13 14:57:41 INFO  core.hooks.Hooks - Starting Scenario: Register validation tests
2026-05-13 14:57:41 INFO  core.utils.ExcelReader - Reading test data from Excel. File: src/test/resources/testdata/RegisterData.xlsx, Sheet: Register, TestCase: TC_REGISTER_007
2026-05-13 14:57:41 INFO  core.driver.DriverFactory - Browser initialized successfully
2026-05-13 14:57:41 INFO  core.hooks.Hooks - Starting Scenario: Register validation tests
2026-05-13 14:57:41 INFO  core.driver.DriverFactory - Browser initialized successfully
2026-05-13 14:57:41 INFO  core.driver.DriverFactory - Browser initialized successfully
2026-05-13 14:57:41 INFO  core.driver.DriverFactory - Browser initialized successfully
2026-05-13 14:57:41 INFO  core.hooks.Hooks - Starting Scenario: Register validation tests
2026-05-13 14:57:41 INFO  core.hooks.Hooks - Starting Scenario: Register validation tests
2026-05-13 14:57:41 INFO  core.hooks.Hooks - Starting Scenario: Register validation tests
2026-05-13 14:57:41 INFO  core.driver.DriverFactory - Browser initialized successfully
2026-05-13 14:57:41 INFO  core.hooks.Hooks - Starting Scenario: Register validation tests
2026-05-13 14:57:42 INFO  core.driver.DriverFactory - Browser initialized successfully
2026-05-13 14:57:42 INFO  core.hooks.Hooks - Starting Scenario: Register validation tests
2026-05-13 14:57:43 INFO  core.utils.ExcelReader - Test data loaded successfully for: TC_REGISTER_007
2026-05-13 14:57:45 INFO  core.utils.ExcelReader - Reading test data from Excel. File: src/test/resources/testdata/RegisterData.xlsx, Sheet: Register, TestCase: TC_REGISTER_010
2026-05-13 14:57:45 INFO  core.utils.ExcelReader - Test data loaded successfully for: TC_REGISTER_010
2026-05-13 14:57:45 INFO  core.utils.ExcelReader - Reading test data from Excel. File: src/test/resources/testdata/RegisterData.xlsx, Sheet: Register, TestCase: TC_REGISTER_003
2026-05-13 14:57:45 INFO  core.utils.ExcelReader - Test data loaded successfully for: TC_REGISTER_003
2026-05-13 14:57:46 INFO  core.utils.ExcelReader - Reading test data from Excel. File: src/test/resources/testdata/RegisterData.xlsx, Sheet: Register, TestCase: TC_REGISTER_008
2026-05-13 14:57:46 INFO  core.utils.ExcelReader - Test data loaded successfully for: TC_REGISTER_008
2026-05-13 14:57:48 INFO  core.utils.ExcelReader - Reading test data from Excel. File: src/test/resources/testdata/RegisterData.xlsx, Sheet: Register, TestCase: TC_REGISTER_005
2026-05-13 14:57:48 INFO  core.utils.ExcelReader - Reading test data from Excel. File: src/test/resources/testdata/RegisterData.xlsx, Sheet: Register, TestCase: TC_REGISTER_006
2026-05-13 14:57:48 INFO  core.utils.ExcelReader - Test data loaded successfully for: TC_REGISTER_005
2026-05-13 14:57:48 INFO  core.utils.ExcelReader - Test data loaded successfully for: TC_REGISTER_006
2026-05-13 14:57:49 INFO  core.utils.ExcelReader - Reading test data from Excel. File: src/test/resources/testdata/RegisterData.xlsx, Sheet: Register, TestCase: TC_REGISTER_001
2026-05-13 14:57:49 INFO  core.utils.ExcelReader - Test data loaded successfully for: TC_REGISTER_001
2026-05-13 14:57:49 INFO  core.utils.ExcelReader - Reading test data from Excel. File: src/test/resources/testdata/RegisterData.xlsx, Sheet: Register, TestCase: TC_REGISTER_009
2026-05-13 14:57:49 INFO  core.utils.ExcelReader - Test data loaded successfully for: TC_REGISTER_009
2026-05-13 14:57:50 INFO  core.utils.ExcelReader - Reading test data from Excel. File: src/test/resources/testdata/RegisterData.xlsx, Sheet: Register, TestCase: TC_REGISTER_002
2026-05-13 14:57:50 INFO  core.utils.ExcelReader - Test data loaded successfully for: TC_REGISTER_002
2026-05-13 14:57:50 INFO  core.utils.ExcelReader - Reading test data from Excel. File: src/test/resources/testdata/RegisterData.xlsx, Sheet: Register, TestCase: TC_REGISTER_004
2026-05-13 14:57:50 INFO  core.utils.ExcelReader - Test data loaded successfully for: TC_REGISTER_004
2026-05-13 14:57:54 INFO  core.utils.ExcelReader - Reading test data from Excel. File: src/test/resources/testdata/RegisterData.xlsx, Sheet: Register, TestCase: TC_REGISTER_003
2026-05-13 14:57:54 INFO  core.utils.ExcelReader - Test data loaded successfully for: TC_REGISTER_003
2026-05-13 14:57:55 INFO  core.utils.ExcelReader - Reading test data from Excel. File: src/test/resources/testdata/RegisterData.xlsx, Sheet: Register, TestCase: TC_REGISTER_007
2026-05-13 14:57:55 INFO  core.utils.ExcelReader - Reading test data from Excel. File: src/test/resources/testdata/RegisterData.xlsx, Sheet: Register, TestCase: TC_REGISTER_010
2026-05-13 14:57:55 INFO  core.utils.ExcelReader - Reading test data from Excel. File: src/test/resources/testdata/RegisterData.xlsx, Sheet: Register, TestCase: TC_REGISTER_006
2026-05-13 14:57:55 INFO  core.utils.ExcelReader - Reading test data from Excel. File: src/test/resources/testdata/RegisterData.xlsx, Sheet: Register, TestCase: TC_REGISTER_001
2026-05-13 14:57:55 INFO  core.utils.ExcelReader - Reading test data from Excel. File: src/test/resources/testdata/RegisterData.xlsx, Sheet: Register, TestCase: TC_REGISTER_009
2026-05-13 14:57:55 INFO  core.utils.ExcelReader - Reading test data from Excel. File: src/test/resources/testdata/RegisterData.xlsx, Sheet: Register, TestCase: TC_REGISTER_002
2026-05-13 14:57:56 INFO  core.utils.ExcelReader - Test data loaded successfully for: TC_REGISTER_010
2026-05-13 14:57:56 INFO  core.utils.ExcelReader - Test data loaded successfully for: TC_REGISTER_007
2026-05-13 14:57:56 INFO  core.utils.ExcelReader - Test data loaded successfully for: TC_REGISTER_001
2026-05-13 14:57:56 INFO  core.utils.ExcelReader - Test data loaded successfully for: TC_REGISTER_006
2026-05-13 14:57:56 INFO  core.utils.ExcelReader - Test data loaded successfully for: TC_REGISTER_009
2026-05-13 14:57:56 INFO  core.utils.ExcelReader - Test data loaded successfully for: TC_REGISTER_002
2026-05-13 14:57:56 INFO  core.utils.ExcelReader - Reading test data from Excel. File: src/test/resources/testdata/RegisterData.xlsx, Sheet: Register, TestCase: TC_REGISTER_004
2026-05-13 14:57:56 INFO  core.utils.ExcelReader - Test data loaded successfully for: TC_REGISTER_004
2026-05-13 14:57:57 INFO  core.utils.ExcelReader - Reading test data from Excel. File: src/test/resources/testdata/RegisterData.xlsx, Sheet: Register, TestCase: TC_REGISTER_005
2026-05-13 14:57:57 INFO  core.utils.ExcelReader - Test data loaded successfully for: TC_REGISTER_005
2026-05-13 14:57:57 INFO  core.utils.ExcelReader - Reading test data from Excel. File: src/test/resources/testdata/RegisterData.xlsx, Sheet: Register, TestCase: TC_REGISTER_008
2026-05-13 14:57:57 INFO  core.utils.ExcelReader - Test data loaded successfully for: TC_REGISTER_008
2026-05-13 14:58:01 INFO  core.driver.DriverFactory - Driver closed successfully
2026-05-13 14:58:01 INFO  core.driver.DriverFactory - Driver closed successfully
2026-05-13 14:58:01 INFO  core.hooks.Hooks - Finished Scenario: Register validation tests
2026-05-13 14:58:01 INFO  core.hooks.Hooks - Finished Scenario: Register validation tests
2026-05-13 14:58:01 INFO  core.driver.DriverFactory - Driver closed successfully
2026-05-13 14:58:01 INFO  core.hooks.Hooks - Finished Scenario: Register validation tests
2026-05-13 14:58:01 INFO  core.driver.DriverFactory - Driver closed successfully
2026-05-13 14:58:01 INFO  core.hooks.Hooks - Finished Scenario: Register validation tests
2026-05-13 14:58:01 INFO  core.driver.DriverFactory - Driver closed successfully
2026-05-13 14:58:01 INFO  core.hooks.Hooks - Finished Scenario: Register validation tests
2026-05-13 14:58:10 INFO  core.driver.DriverFactory - Driver closed successfully
2026-05-13 14:58:10 INFO  core.hooks.Hooks - Finished Scenario: Register validation tests
2026-05-13 14:58:10 INFO  core.driver.DriverFactory - Driver closed successfully
2026-05-13 14:58:10 INFO  core.hooks.Hooks - Finished Scenario: Register validation tests
2026-05-13 14:58:10 INFO  core.driver.DriverFactory - Driver closed successfully
2026-05-13 14:58:10 INFO  core.hooks.Hooks - Finished Scenario: Register validation tests
2026-05-13 14:58:10 INFO  core.driver.DriverFactory - Driver closed successfully
2026-05-13 14:58:10 INFO  core.hooks.Hooks - Finished Scenario: Register validation tests
2026-05-13 14:58:10 INFO  core.driver.DriverFactory - Driver closed successfully
2026-05-13 14:58:10 INFO  core.hooks.Hooks - Finished Scenario: Register validation tests
2026-05-13 15:06:34 INFO  core.driver.DriverFactory - Initializing browser: chrome
2026-05-13 15:06:34 INFO  core.driver.DriverFactory - Initializing browser: chrome
2026-05-13 15:06:34 INFO  core.driver.DriverFactory - Initializing browser: chrome
2026-05-13 15:06:34 INFO  core.driver.DriverFactory - Headless mode: false
2026-05-13 15:06:34 INFO  core.driver.DriverFactory - Initializing browser: chrome
2026-05-13 15:06:34 INFO  core.driver.DriverFactory - Initializing browser: chrome
2026-05-13 15:06:34 INFO  core.driver.DriverFactory - Initializing browser: chrome
2026-05-13 15:06:34 INFO  core.driver.DriverFactory - Initializing browser: chrome
2026-05-13 15:06:34 INFO  core.driver.DriverFactory - Initializing browser: chrome
2026-05-13 15:06:34 INFO  core.driver.DriverFactory - Healenium enabled: false
2026-05-13 15:06:34 INFO  core.driver.DriverFactory - Headless mode: false
2026-05-13 15:06:34 INFO  core.driver.DriverFactory - Headless mode: false
2026-05-13 15:06:34 INFO  core.driver.DriverFactory - Initializing browser: chrome
2026-05-13 15:06:34 INFO  core.driver.DriverFactory - Initializing browser: chrome
2026-05-13 15:06:34 INFO  core.driver.DriverFactory - Headless mode: false
2026-05-13 15:06:34 INFO  core.driver.DriverFactory - Healenium enabled: false
2026-05-13 15:06:34 INFO  core.driver.DriverFactory - Headless mode: false
2026-05-13 15:06:34 INFO  core.driver.DriverFactory - Headless mode: false
2026-05-13 15:06:34 INFO  core.driver.DriverFactory - Headless mode: false
2026-05-13 15:06:34 INFO  core.driver.DriverFactory - Headless mode: false
2026-05-13 15:06:34 INFO  core.driver.DriverFactory - Headless mode: false
2026-05-13 15:06:34 INFO  core.driver.DriverFactory - Healenium enabled: false
2026-05-13 15:06:34 INFO  core.driver.DriverFactory - Healenium enabled: false
2026-05-13 15:06:34 INFO  core.driver.DriverFactory - Healenium enabled: false
2026-05-13 15:06:34 INFO  core.driver.DriverFactory - Healenium enabled: false
2026-05-13 15:06:34 INFO  core.driver.DriverFactory - Healenium enabled: false
2026-05-13 15:06:34 INFO  core.driver.DriverFactory - Headless mode: false
2026-05-13 15:06:34 INFO  core.driver.DriverFactory - Healenium enabled: false
2026-05-13 15:06:34 INFO  core.driver.DriverFactory - Healenium enabled: false
2026-05-13 15:06:34 INFO  core.driver.DriverFactory - Healenium enabled: false
2026-05-13 15:06:48 INFO  core.driver.DriverFactory - Browser initialized successfully
2026-05-13 15:06:48 INFO  core.hooks.Hooks - Starting Scenario: Register validation tests
2026-05-13 15:06:49 INFO  core.driver.DriverFactory - Browser initialized successfully
2026-05-13 15:06:49 INFO  core.hooks.Hooks - Starting Scenario: Register validation tests
2026-05-13 15:06:49 INFO  core.driver.DriverFactory - Browser initialized successfully
2026-05-13 15:06:49 INFO  core.hooks.Hooks - Starting Scenario: Register validation tests
2026-05-13 15:06:49 INFO  core.driver.DriverFactory - Browser initialized successfully
2026-05-13 15:06:49 INFO  core.hooks.Hooks - Starting Scenario: Register validation tests
2026-05-13 15:06:49 INFO  core.driver.DriverFactory - Browser initialized successfully
2026-05-13 15:06:49 INFO  core.hooks.Hooks - Starting Scenario: Register validation tests
2026-05-13 15:06:49 INFO  core.driver.DriverFactory - Browser initialized successfully
2026-05-13 15:06:49 INFO  core.driver.DriverFactory - Browser initialized successfully
2026-05-13 15:06:49 INFO  core.driver.DriverFactory - Browser initialized successfully
2026-05-13 15:06:49 INFO  core.driver.DriverFactory - Browser initialized successfully
2026-05-13 15:06:49 INFO  core.driver.DriverFactory - Browser initialized successfully
2026-05-13 15:06:49 INFO  core.hooks.Hooks - Starting Scenario: Register validation tests
2026-05-13 15:06:49 INFO  core.hooks.Hooks - Starting Scenario: Register validation tests
2026-05-13 15:06:49 INFO  core.hooks.Hooks - Starting Scenario: Register validation tests
2026-05-13 15:06:49 INFO  core.hooks.Hooks - Starting Scenario: Register validation tests
2026-05-13 15:06:49 INFO  core.hooks.Hooks - Starting Scenario: Register validation tests
2026-05-13 15:06:51 INFO  core.utils.ExcelReader - Reading test data from Excel. File: src/test/resources/testdata/RegisterData.xlsx, Sheet: Register, TestCase: TC_REGISTER_005
2026-05-13 15:06:53 INFO  core.utils.ExcelReader - Test data loaded successfully for: TC_REGISTER_005
2026-05-13 15:06:53 INFO  core.utils.ExcelReader - Reading test data from Excel. File: src/test/resources/testdata/RegisterData.xlsx, Sheet: Register, TestCase: TC_REGISTER_009
2026-05-13 15:06:53 INFO  core.utils.ExcelReader - Reading test data from Excel. File: src/test/resources/testdata/RegisterData.xlsx, Sheet: Register, TestCase: TC_REGISTER_001
2026-05-13 15:06:53 INFO  core.utils.ExcelReader - Reading test data from Excel. File: src/test/resources/testdata/RegisterData.xlsx, Sheet: Register, TestCase: TC_REGISTER_006
2026-05-13 15:06:53 INFO  core.utils.ExcelReader - Reading test data from Excel. File: src/test/resources/testdata/RegisterData.xlsx, Sheet: Register, TestCase: TC_REGISTER_007
2026-05-13 15:06:54 INFO  core.utils.ExcelReader - Test data loaded successfully for: TC_REGISTER_009
2026-05-13 15:06:54 INFO  core.utils.ExcelReader - Test data loaded successfully for: TC_REGISTER_006
2026-05-13 15:06:54 INFO  core.utils.ExcelReader - Test data loaded successfully for: TC_REGISTER_001
2026-05-13 15:06:54 INFO  core.utils.ExcelReader - Test data loaded successfully for: TC_REGISTER_007
2026-05-13 15:06:54 INFO  core.utils.ExcelReader - Reading test data from Excel. File: src/test/resources/testdata/RegisterData.xlsx, Sheet: Register, TestCase: TC_REGISTER_010
2026-05-13 15:06:55 INFO  core.utils.ExcelReader - Test data loaded successfully for: TC_REGISTER_010
2026-05-13 15:06:55 INFO  core.utils.ExcelReader - Reading test data from Excel. File: src/test/resources/testdata/RegisterData.xlsx, Sheet: Register, TestCase: TC_REGISTER_002
2026-05-13 15:06:55 INFO  core.utils.ExcelReader - Test data loaded successfully for: TC_REGISTER_002
2026-05-13 15:06:59 INFO  core.utils.ExcelReader - Reading test data from Excel. File: src/test/resources/testdata/RegisterData.xlsx, Sheet: Register, TestCase: TC_REGISTER_008
2026-05-13 15:06:59 INFO  core.utils.ExcelReader - Test data loaded successfully for: TC_REGISTER_008
2026-05-13 15:06:59 INFO  core.utils.ExcelReader - Reading test data from Excel. File: src/test/resources/testdata/RegisterData.xlsx, Sheet: Register, TestCase: TC_REGISTER_003
2026-05-13 15:06:59 INFO  core.utils.ExcelReader - Reading test data from Excel. File: src/test/resources/testdata/RegisterData.xlsx, Sheet: Register, TestCase: TC_REGISTER_004
2026-05-13 15:07:00 INFO  core.utils.ExcelReader - Test data loaded successfully for: TC_REGISTER_004
2026-05-13 15:07:00 INFO  core.utils.ExcelReader - Test data loaded successfully for: TC_REGISTER_003
2026-05-13 15:07:06 INFO  core.utils.ExcelReader - Reading test data from Excel. File: src/test/resources/testdata/RegisterData.xlsx, Sheet: Register, TestCase: TC_REGISTER_005
2026-05-13 15:07:06 INFO  core.utils.ExcelReader - Test data loaded successfully for: TC_REGISTER_005
2026-05-13 15:07:07 INFO  core.utils.ExcelReader - Reading test data from Excel. File: src/test/resources/testdata/RegisterData.xlsx, Sheet: Register, TestCase: TC_REGISTER_010
2026-05-13 15:07:07 INFO  core.utils.ExcelReader - Test data loaded successfully for: TC_REGISTER_010
2026-05-13 15:07:07 INFO  core.utils.ExcelReader - Reading test data from Excel. File: src/test/resources/testdata/RegisterData.xlsx, Sheet: Register, TestCase: TC_REGISTER_002
2026-05-13 15:07:07 INFO  core.utils.ExcelReader - Test data loaded successfully for: TC_REGISTER_002
2026-05-13 15:07:07 INFO  core.utils.ExcelReader - Reading test data from Excel. File: src/test/resources/testdata/RegisterData.xlsx, Sheet: Register, TestCase: TC_REGISTER_001
2026-05-13 15:07:07 INFO  core.utils.ExcelReader - Test data loaded successfully for: TC_REGISTER_001
2026-05-13 15:07:07 INFO  core.utils.ExcelReader - Reading test data from Excel. File: src/test/resources/testdata/RegisterData.xlsx, Sheet: Register, TestCase: TC_REGISTER_007
2026-05-13 15:07:08 INFO  core.utils.ExcelReader - Test data loaded successfully for: TC_REGISTER_007
2026-05-13 15:07:08 INFO  core.utils.ExcelReader - Reading test data from Excel. File: src/test/resources/testdata/RegisterData.xlsx, Sheet: Register, TestCase: TC_REGISTER_003
2026-05-13 15:07:08 INFO  core.utils.ExcelReader - Test data loaded successfully for: TC_REGISTER_003
2026-05-13 15:07:08 INFO  core.utils.ExcelReader - Reading test data from Excel. File: src/test/resources/testdata/RegisterData.xlsx, Sheet: Register, TestCase: TC_REGISTER_006
2026-05-13 15:07:08 INFO  core.utils.ExcelReader - Test data loaded successfully for: TC_REGISTER_006
2026-05-13 15:07:08 INFO  core.utils.ExcelReader - Reading test data from Excel. File: src/test/resources/testdata/RegisterData.xlsx, Sheet: Register, TestCase: TC_REGISTER_009
2026-05-13 15:07:08 INFO  core.utils.ExcelReader - Test data loaded successfully for: TC_REGISTER_009
2026-05-13 15:07:09 INFO  core.utils.ExcelReader - Reading test data from Excel. File: src/test/resources/testdata/RegisterData.xlsx, Sheet: Register, TestCase: TC_REGISTER_008
2026-05-13 15:07:09 INFO  core.utils.ExcelReader - Test data loaded successfully for: TC_REGISTER_008
2026-05-13 15:07:10 INFO  core.utils.ExcelReader - Reading test data from Excel. File: src/test/resources/testdata/RegisterData.xlsx, Sheet: Register, TestCase: TC_REGISTER_004
2026-05-13 15:07:10 INFO  core.utils.ExcelReader - Test data loaded successfully for: TC_REGISTER_004
2026-05-13 15:07:15 INFO  core.driver.DriverFactory - Driver closed successfully
2026-05-13 15:07:15 INFO  core.hooks.Hooks - Finished Scenario: Register validation tests
2026-05-13 15:07:15 INFO  core.driver.DriverFactory - Driver closed successfully
2026-05-13 15:07:15 INFO  core.hooks.Hooks - Finished Scenario: Register validation tests
2026-05-13 15:07:15 INFO  core.driver.DriverFactory - Driver closed successfully
2026-05-13 15:07:15 INFO  core.hooks.Hooks - Finished Scenario: Register validation tests
2026-05-13 15:07:15 INFO  core.driver.DriverFactory - Driver closed successfully
2026-05-13 15:07:15 INFO  core.hooks.Hooks - Finished Scenario: Register validation tests
2026-05-13 15:07:15 INFO  core.driver.DriverFactory - Driver closed successfully
2026-05-13 15:07:15 INFO  core.hooks.Hooks - Finished Scenario: Register validation tests
2026-05-13 15:07:18 INFO  core.driver.DriverFactory - Driver closed successfully
2026-05-13 15:07:18 INFO  core.hooks.Hooks - Finished Scenario: Register validation tests
2026-05-13 15:07:18 INFO  core.driver.DriverFactory - Driver closed successfully
2026-05-13 15:07:18 INFO  core.hooks.Hooks - Finished Scenario: Register validation tests
2026-05-13 15:07:19 INFO  core.driver.DriverFactory - Driver closed successfully
2026-05-13 15:07:19 INFO  core.hooks.Hooks - Finished Scenario: Register validation tests
2026-05-13 15:07:21 INFO  core.driver.DriverFactory - Driver closed successfully
2026-05-13 15:07:21 INFO  core.hooks.Hooks - Finished Scenario: Register validation tests
2026-05-13 15:07:21 INFO  core.driver.DriverFactory - Driver closed successfully
2026-05-13 15:07:21 INFO  core.hooks.Hooks - Finished Scenario: Register validation tests
2026-05-13 15:08:39 INFO  core.driver.DriverFactory - Initializing browser: chrome
2026-05-13 15:08:39 INFO  core.driver.DriverFactory - Initializing browser: chrome
2026-05-13 15:08:39 INFO  core.driver.DriverFactory - Initializing browser: chrome
2026-05-13 15:08:39 INFO  core.driver.DriverFactory - Initializing browser: chrome
2026-05-13 15:08:39 INFO  core.driver.DriverFactory - Initializing browser: chrome
2026-05-13 15:08:39 INFO  core.driver.DriverFactory - Initializing browser: chrome
2026-05-13 15:08:39 INFO  core.driver.DriverFactory - Headless mode: false
2026-05-13 15:08:39 INFO  core.driver.DriverFactory - Initializing browser: chrome
2026-05-13 15:08:39 INFO  core.driver.DriverFactory - Headless mode: false
2026-05-13 15:08:39 INFO  core.driver.DriverFactory - Initializing browser: chrome
2026-05-13 15:08:39 INFO  core.driver.DriverFactory - Headless mode: false
2026-05-13 15:08:39 INFO  core.driver.DriverFactory - Healenium enabled: false
2026-05-13 15:08:39 INFO  core.driver.DriverFactory - Initializing browser: chrome
2026-05-13 15:08:39 INFO  core.driver.DriverFactory - Headless mode: false
2026-05-13 15:08:39 INFO  core.driver.DriverFactory - Headless mode: false
2026-05-13 15:08:39 INFO  core.driver.DriverFactory - Headless mode: false
2026-05-13 15:08:39 INFO  core.driver.DriverFactory - Healenium enabled: false
2026-05-13 15:08:39 INFO  core.driver.DriverFactory - Initializing browser: chrome
2026-05-13 15:08:39 INFO  core.driver.DriverFactory - Healenium enabled: false
2026-05-13 15:08:39 INFO  core.driver.DriverFactory - Healenium enabled: false
2026-05-13 15:08:39 INFO  core.driver.DriverFactory - Healenium enabled: false
2026-05-13 15:08:39 INFO  core.driver.DriverFactory - Healenium enabled: false
2026-05-13 15:08:39 INFO  core.driver.DriverFactory - Headless mode: false
2026-05-13 15:08:39 INFO  core.driver.DriverFactory - Headless mode: false
2026-05-13 15:08:39 INFO  core.driver.DriverFactory - Headless mode: false
2026-05-13 15:08:39 INFO  core.driver.DriverFactory - Healenium enabled: false
2026-05-13 15:08:39 INFO  core.driver.DriverFactory - Healenium enabled: false
2026-05-13 15:08:39 INFO  core.driver.DriverFactory - Healenium enabled: false
2026-05-13 15:08:39 INFO  core.driver.DriverFactory - Headless mode: false
2026-05-13 15:08:39 INFO  core.driver.DriverFactory - Healenium enabled: false
2026-05-13 15:08:53 INFO  core.driver.DriverFactory - Browser initialized successfully
2026-05-13 15:08:53 INFO  core.hooks.Hooks - Starting Scenario: Register validation tests
2026-05-13 15:08:53 INFO  core.driver.DriverFactory - Browser initialized successfully
2026-05-13 15:08:53 INFO  core.hooks.Hooks - Starting Scenario: Register validation tests
2026-05-13 15:08:53 INFO  core.driver.DriverFactory - Browser initialized successfully
2026-05-13 15:08:53 INFO  core.hooks.Hooks - Starting Scenario: Register validation tests
2026-05-13 15:08:53 INFO  core.driver.DriverFactory - Browser initialized successfully
2026-05-13 15:08:53 INFO  core.hooks.Hooks - Starting Scenario: Register validation tests
2026-05-13 15:08:53 INFO  core.driver.DriverFactory - Browser initialized successfully
2026-05-13 15:08:53 INFO  core.hooks.Hooks - Starting Scenario: Register validation tests
2026-05-13 15:08:54 INFO  core.driver.DriverFactory - Browser initialized successfully
2026-05-13 15:08:54 INFO  core.driver.DriverFactory - Browser initialized successfully
2026-05-13 15:08:54 INFO  core.driver.DriverFactory - Browser initialized successfully
2026-05-13 15:08:54 INFO  core.hooks.Hooks - Starting Scenario: Register validation tests
2026-05-13 15:08:54 INFO  core.hooks.Hooks - Starting Scenario: Register validation tests
2026-05-13 15:08:54 INFO  core.hooks.Hooks - Starting Scenario: Register validation tests
2026-05-13 15:08:54 INFO  core.driver.DriverFactory - Browser initialized successfully
2026-05-13 15:08:54 INFO  core.hooks.Hooks - Starting Scenario: Register validation tests
2026-05-13 15:08:54 INFO  core.driver.DriverFactory - Browser initialized successfully
2026-05-13 15:08:54 INFO  core.hooks.Hooks - Starting Scenario: Register validation tests
2026-05-13 15:08:55 INFO  core.utils.ExcelReader - Reading test data from Excel. File: src/test/resources/testdata/RegisterData.xlsx, Sheet: Register, TestCase: TC_REGISTER_009
2026-05-13 15:08:57 INFO  core.utils.ExcelReader - Test data loaded successfully for: TC_REGISTER_009
2026-05-13 15:08:58 INFO  core.utils.ExcelReader - Reading test data from Excel. File: src/test/resources/testdata/RegisterData.xlsx, Sheet: Register, TestCase: TC_REGISTER_004
2026-05-13 15:08:58 INFO  core.utils.ExcelReader - Test data loaded successfully for: TC_REGISTER_004
2026-05-13 15:08:58 INFO  core.utils.ExcelReader - Reading test data from Excel. File: src/test/resources/testdata/RegisterData.xlsx, Sheet: Register, TestCase: TC_REGISTER_007
2026-05-13 15:08:59 INFO  core.utils.ExcelReader - Test data loaded successfully for: TC_REGISTER_007
2026-05-13 15:08:59 INFO  core.utils.ExcelReader - Reading test data from Excel. File: src/test/resources/testdata/RegisterData.xlsx, Sheet: Register, TestCase: TC_REGISTER_006
2026-05-13 15:08:59 INFO  core.utils.ExcelReader - Test data loaded successfully for: TC_REGISTER_006
2026-05-13 15:08:59 INFO  core.utils.ExcelReader - Reading test data from Excel. File: src/test/resources/testdata/RegisterData.xlsx, Sheet: Register, TestCase: TC_REGISTER_005
2026-05-13 15:09:00 INFO  core.utils.ExcelReader - Test data loaded successfully for: TC_REGISTER_005
2026-05-13 15:09:00 INFO  core.utils.ExcelReader - Reading test data from Excel. File: src/test/resources/testdata/RegisterData.xlsx, Sheet: Register, TestCase: TC_REGISTER_003
2026-05-13 15:09:00 INFO  core.utils.ExcelReader - Test data loaded successfully for: TC_REGISTER_003
2026-05-13 15:09:01 INFO  core.utils.ExcelReader - Reading test data from Excel. File: src/test/resources/testdata/RegisterData.xlsx, Sheet: Register, TestCase: TC_REGISTER_010
2026-05-13 15:09:01 INFO  core.utils.ExcelReader - Test data loaded successfully for: TC_REGISTER_010
2026-05-13 15:09:02 INFO  core.utils.ExcelReader - Reading test data from Excel. File: src/test/resources/testdata/RegisterData.xlsx, Sheet: Register, TestCase: TC_REGISTER_001
2026-05-13 15:09:02 INFO  core.utils.ExcelReader - Test data loaded successfully for: TC_REGISTER_001
2026-05-13 15:09:02 INFO  core.utils.ExcelReader - Reading test data from Excel. File: src/test/resources/testdata/RegisterData.xlsx, Sheet: Register, TestCase: TC_REGISTER_008
2026-05-13 15:09:02 INFO  core.utils.ExcelReader - Test data loaded successfully for: TC_REGISTER_008
2026-05-13 15:09:02 INFO  core.utils.ExcelReader - Reading test data from Excel. File: src/test/resources/testdata/RegisterData.xlsx, Sheet: Register, TestCase: TC_REGISTER_002
2026-05-13 15:09:02 INFO  core.utils.ExcelReader - Test data loaded successfully for: TC_REGISTER_002
2026-05-13 15:09:08 INFO  core.utils.ExcelReader - Reading test data from Excel. File: src/test/resources/testdata/RegisterData.xlsx, Sheet: Register, TestCase: TC_REGISTER_004
2026-05-13 15:09:09 INFO  core.utils.ExcelReader - Test data loaded successfully for: TC_REGISTER_004
2026-05-13 15:09:09 INFO  core.utils.ExcelReader - Reading test data from Excel. File: src/test/resources/testdata/RegisterData.xlsx, Sheet: Register, TestCase: TC_REGISTER_003
2026-05-13 15:09:09 INFO  core.utils.ExcelReader - Test data loaded successfully for: TC_REGISTER_003
2026-05-13 15:09:10 INFO  core.utils.ExcelReader - Reading test data from Excel. File: src/test/resources/testdata/RegisterData.xlsx, Sheet: Register, TestCase: TC_REGISTER_009
2026-05-13 15:09:10 INFO  core.utils.ExcelReader - Test data loaded successfully for: TC_REGISTER_009
2026-05-13 15:09:10 INFO  core.utils.ExcelReader - Reading test data from Excel. File: src/test/resources/testdata/RegisterData.xlsx, Sheet: Register, TestCase: TC_REGISTER_007
2026-05-13 15:09:10 INFO  core.utils.ExcelReader - Reading test data from Excel. File: src/test/resources/testdata/RegisterData.xlsx, Sheet: Register, TestCase: TC_REGISTER_006
2026-05-13 15:09:10 INFO  core.utils.ExcelReader - Test data loaded successfully for: TC_REGISTER_006
2026-05-13 15:09:10 INFO  core.utils.ExcelReader - Test data loaded successfully for: TC_REGISTER_007
2026-05-13 15:09:10 INFO  core.utils.ExcelReader - Reading test data from Excel. File: src/test/resources/testdata/RegisterData.xlsx, Sheet: Register, TestCase: TC_REGISTER_010
2026-05-13 15:09:10 INFO  core.utils.ExcelReader - Reading test data from Excel. File: src/test/resources/testdata/RegisterData.xlsx, Sheet: Register, TestCase: TC_REGISTER_001
2026-05-13 15:09:11 INFO  core.utils.ExcelReader - Test data loaded successfully for: TC_REGISTER_010
2026-05-13 15:09:11 INFO  core.utils.ExcelReader - Test data loaded successfully for: TC_REGISTER_001
2026-05-13 15:09:11 INFO  core.utils.ExcelReader - Reading test data from Excel. File: src/test/resources/testdata/RegisterData.xlsx, Sheet: Register, TestCase: TC_REGISTER_002
2026-05-13 15:09:11 INFO  core.utils.ExcelReader - Test data loaded successfully for: TC_REGISTER_002
2026-05-13 15:09:11 INFO  core.utils.ExcelReader - Reading test data from Excel. File: src/test/resources/testdata/RegisterData.xlsx, Sheet: Register, TestCase: TC_REGISTER_005
2026-05-13 15:09:11 INFO  core.utils.ExcelReader - Test data loaded successfully for: TC_REGISTER_005
2026-05-13 15:09:12 INFO  core.utils.ExcelReader - Reading test data from Excel. File: src/test/resources/testdata/RegisterData.xlsx, Sheet: Register, TestCase: TC_REGISTER_008
2026-05-13 15:09:12 INFO  core.utils.ExcelReader - Test data loaded successfully for: TC_REGISTER_008
2026-05-13 15:09:20 INFO  core.driver.DriverFactory - Driver closed successfully
2026-05-13 15:09:20 INFO  core.hooks.Hooks - Finished Scenario: Register validation tests
2026-05-13 15:09:20 INFO  core.driver.DriverFactory - Initializing browser: chrome
2026-05-13 15:09:20 INFO  core.driver.DriverFactory - Headless mode: false
2026-05-13 15:09:20 INFO  core.driver.DriverFactory - Healenium enabled: false
2026-05-13 15:09:20 INFO  core.driver.DriverFactory - Driver closed successfully
2026-05-13 15:09:20 INFO  core.hooks.Hooks - Finished Scenario: Register validation tests
2026-05-13 15:09:21 INFO  core.driver.DriverFactory - Driver closed successfully
2026-05-13 15:09:21 INFO  core.hooks.Hooks - Finished Scenario: Register validation tests
2026-05-13 15:09:21 INFO  core.driver.DriverFactory - Driver closed successfully
2026-05-13 15:09:21 INFO  core.hooks.Hooks - Finished Scenario: Register validation tests
2026-05-13 15:09:21 INFO  core.driver.DriverFactory - Driver closed successfully
2026-05-13 15:09:21 INFO  core.hooks.Hooks - Finished Scenario: Register validation tests
2026-05-13 15:09:21 INFO  core.driver.DriverFactory - Driver closed successfully
2026-05-13 15:09:21 INFO  core.hooks.Hooks - Finished Scenario: Register validation tests
2026-05-13 15:09:22 INFO  core.driver.DriverFactory - Driver closed successfully
2026-05-13 15:09:22 INFO  core.hooks.Hooks - Finished Scenario: Register validation tests
2026-05-13 15:09:22 INFO  core.driver.DriverFactory - Driver closed successfully
2026-05-13 15:09:22 INFO  core.hooks.Hooks - Finished Scenario: Register validation tests
2026-05-13 15:09:23 INFO  core.driver.DriverFactory - Driver closed successfully
2026-05-13 15:09:23 INFO  core.hooks.Hooks - Finished Scenario: Register validation tests
2026-05-13 15:09:26 INFO  core.driver.DriverFactory - Driver closed successfully
2026-05-13 15:09:26 INFO  core.hooks.Hooks - Finished Scenario: Register validation tests
2026-05-13 15:09:27 INFO  core.driver.DriverFactory - Browser initialized successfully
2026-05-13 15:09:27 INFO  core.hooks.Hooks - Starting Scenario: Register validation tests
2026-05-13 15:09:28 INFO  core.utils.ExcelReader - Reading test data from Excel. File: src/test/resources/testdata/RegisterData.xlsx, Sheet: Register, TestCase: TC_REGISTER_011
2026-05-13 15:09:28 INFO  core.utils.ExcelReader - Test data loaded successfully for: TC_REGISTER_011
2026-05-13 15:09:31 INFO  core.utils.ExcelReader - Reading test data from Excel. File: src/test/resources/testdata/RegisterData.xlsx, Sheet: Register, TestCase: TC_REGISTER_011
2026-05-13 15:09:31 INFO  core.utils.ExcelReader - Test data loaded successfully for: TC_REGISTER_011
2026-05-13 15:09:44 INFO  core.driver.DriverFactory - Driver closed successfully
2026-05-13 15:09:44 INFO  core.hooks.Hooks - Finished Scenario: Register validation tests
2026-05-13 15:10:10 INFO  core.driver.DriverFactory - Initializing browser: chrome
2026-05-13 15:10:10 INFO  core.driver.DriverFactory - Initializing browser: chrome
2026-05-13 15:10:10 INFO  core.driver.DriverFactory - Initializing browser: chrome
2026-05-13 15:10:10 INFO  core.driver.DriverFactory - Initializing browser: chrome
2026-05-13 15:10:10 INFO  core.driver.DriverFactory - Initializing browser: chrome
2026-05-13 15:10:10 INFO  core.driver.DriverFactory - Initializing browser: chrome
2026-05-13 15:10:10 INFO  core.driver.DriverFactory - Headless mode: false
2026-05-13 15:10:10 INFO  core.driver.DriverFactory - Headless mode: false
2026-05-13 15:10:10 INFO  core.driver.DriverFactory - Headless mode: false
2026-05-13 15:10:10 INFO  core.driver.DriverFactory - Initializing browser: chrome
2026-05-13 15:10:10 INFO  core.driver.DriverFactory - Initializing browser: chrome
2026-05-13 15:10:10 INFO  core.driver.DriverFactory - Initializing browser: chrome
2026-05-13 15:10:10 INFO  core.driver.DriverFactory - Initializing browser: chrome
2026-05-13 15:10:10 INFO  core.driver.DriverFactory - Healenium enabled: false
2026-05-13 15:10:10 INFO  core.driver.DriverFactory - Healenium enabled: false
2026-05-13 15:10:10 INFO  core.driver.DriverFactory - Healenium enabled: false
2026-05-13 15:10:10 INFO  core.driver.DriverFactory - Headless mode: false
2026-05-13 15:10:10 INFO  core.driver.DriverFactory - Headless mode: false
2026-05-13 15:10:10 INFO  core.driver.DriverFactory - Headless mode: false
2026-05-13 15:10:10 INFO  core.driver.DriverFactory - Headless mode: false
2026-05-13 15:10:10 INFO  core.driver.DriverFactory - Healenium enabled: false
2026-05-13 15:10:10 INFO  core.driver.DriverFactory - Headless mode: false
2026-05-13 15:10:10 INFO  core.driver.DriverFactory - Headless mode: false
2026-05-13 15:10:10 INFO  core.driver.DriverFactory - Headless mode: false
2026-05-13 15:10:10 INFO  core.driver.DriverFactory - Healenium enabled: false
2026-05-13 15:10:10 INFO  core.driver.DriverFactory - Healenium enabled: false
2026-05-13 15:10:10 INFO  core.driver.DriverFactory - Healenium enabled: false
2026-05-13 15:10:10 INFO  core.driver.DriverFactory - Healenium enabled: false
2026-05-13 15:10:10 INFO  core.driver.DriverFactory - Healenium enabled: false
2026-05-13 15:10:10 INFO  core.driver.DriverFactory - Healenium enabled: false
2026-05-13 15:10:22 INFO  core.driver.DriverFactory - Browser initialized successfully
2026-05-13 15:10:22 INFO  core.hooks.Hooks - Starting Scenario: Register validation tests
2026-05-13 15:10:22 INFO  core.driver.DriverFactory - Browser initialized successfully
2026-05-13 15:10:22 INFO  core.hooks.Hooks - Starting Scenario: Register validation tests
2026-05-13 15:10:22 INFO  core.driver.DriverFactory - Browser initialized successfully
2026-05-13 15:10:22 INFO  core.hooks.Hooks - Starting Scenario: Register validation tests
2026-05-13 15:10:23 INFO  core.driver.DriverFactory - Browser initialized successfully
2026-05-13 15:10:23 INFO  core.hooks.Hooks - Starting Scenario: Register validation tests
2026-05-13 15:10:23 INFO  core.driver.DriverFactory - Browser initialized successfully
2026-05-13 15:10:23 INFO  core.hooks.Hooks - Starting Scenario: Register validation tests
2026-05-13 15:10:23 INFO  core.driver.DriverFactory - Browser initialized successfully
2026-05-13 15:10:23 INFO  core.hooks.Hooks - Starting Scenario: Register validation tests
2026-05-13 15:10:23 INFO  core.driver.DriverFactory - Browser initialized successfully
2026-05-13 15:10:23 INFO  core.hooks.Hooks - Starting Scenario: Register validation tests
2026-05-13 15:10:23 INFO  core.driver.DriverFactory - Browser initialized successfully
2026-05-13 15:10:23 INFO  core.driver.DriverFactory - Browser initialized successfully
2026-05-13 15:10:23 INFO  core.driver.DriverFactory - Browser initialized successfully
2026-05-13 15:10:23 INFO  core.hooks.Hooks - Starting Scenario: Register validation tests
2026-05-13 15:10:23 INFO  core.hooks.Hooks - Starting Scenario: Register validation tests
2026-05-13 15:10:23 INFO  core.hooks.Hooks - Starting Scenario: Register validation tests
2026-05-13 15:10:26 INFO  core.utils.ExcelReader - Reading test data from Excel. File: src/test/resources/testdata/RegisterData.xlsx, Sheet: Register, TestCase: TC_REGISTER_008
2026-05-13 15:10:26 INFO  core.utils.ExcelReader - Reading test data from Excel. File: src/test/resources/testdata/RegisterData.xlsx, Sheet: Register, TestCase: TC_REGISTER_003
2026-05-13 15:10:26 INFO  core.utils.ExcelReader - Reading test data from Excel. File: src/test/resources/testdata/RegisterData.xlsx, Sheet: Register, TestCase: TC_REGISTER_002
2026-05-13 15:10:26 INFO  core.utils.ExcelReader - Reading test data from Excel. File: src/test/resources/testdata/RegisterData.xlsx, Sheet: Register, TestCase: TC_REGISTER_007
2026-05-13 15:10:27 INFO  core.utils.ExcelReader - Reading test data from Excel. File: src/test/resources/testdata/RegisterData.xlsx, Sheet: Register, TestCase: TC_REGISTER_005
2026-05-13 15:10:27 INFO  core.utils.ExcelReader - Reading test data from Excel. File: src/test/resources/testdata/RegisterData.xlsx, Sheet: Register, TestCase: TC_REGISTER_006
2026-05-13 15:10:27 INFO  core.utils.ExcelReader - Reading test data from Excel. File: src/test/resources/testdata/RegisterData.xlsx, Sheet: Register, TestCase: TC_REGISTER_010
2026-05-13 15:10:28 INFO  core.utils.ExcelReader - Reading test data from Excel. File: src/test/resources/testdata/RegisterData.xlsx, Sheet: Register, TestCase: TC_REGISTER_004
2026-05-13 15:10:28 INFO  core.utils.ExcelReader - Test data loaded successfully for: TC_REGISTER_010
2026-05-13 15:10:28 INFO  core.utils.ExcelReader - Test data loaded successfully for: TC_REGISTER_005
2026-05-13 15:10:28 INFO  core.utils.ExcelReader - Test data loaded successfully for: TC_REGISTER_003
2026-05-13 15:10:28 INFO  core.utils.ExcelReader - Test data loaded successfully for: TC_REGISTER_008
2026-05-13 15:10:28 INFO  core.utils.ExcelReader - Test data loaded successfully for: TC_REGISTER_007
2026-05-13 15:10:28 INFO  core.utils.ExcelReader - Test data loaded successfully for: TC_REGISTER_002
2026-05-13 15:10:28 INFO  core.utils.ExcelReader - Test data loaded successfully for: TC_REGISTER_006
2026-05-13 15:10:28 INFO  core.utils.ExcelReader - Test data loaded successfully for: TC_REGISTER_004
2026-05-13 15:10:29 INFO  core.utils.ExcelReader - Reading test data from Excel. File: src/test/resources/testdata/RegisterData.xlsx, Sheet: Register, TestCase: TC_REGISTER_001
2026-05-13 15:10:29 INFO  core.utils.ExcelReader - Test data loaded successfully for: TC_REGISTER_001
2026-05-13 15:10:29 INFO  core.utils.ExcelReader - Reading test data from Excel. File: src/test/resources/testdata/RegisterData.xlsx, Sheet: Register, TestCase: TC_REGISTER_009
2026-05-13 15:10:29 INFO  core.utils.ExcelReader - Test data loaded successfully for: TC_REGISTER_009
2026-05-13 15:10:37 INFO  core.utils.ExcelReader - Reading test data from Excel. File: src/test/resources/testdata/RegisterData.xlsx, Sheet: Register, TestCase: TC_REGISTER_007
2026-05-13 15:10:38 INFO  core.utils.ExcelReader - Test data loaded successfully for: TC_REGISTER_007
2026-05-13 15:10:38 INFO  core.utils.ExcelReader - Reading test data from Excel. File: src/test/resources/testdata/RegisterData.xlsx, Sheet: Register, TestCase: TC_REGISTER_010
2026-05-13 15:10:38 INFO  core.utils.ExcelReader - Test data loaded successfully for: TC_REGISTER_010
2026-05-13 15:10:39 INFO  core.utils.ExcelReader - Reading test data from Excel. File: src/test/resources/testdata/RegisterData.xlsx, Sheet: Register, TestCase: TC_REGISTER_003
2026-05-13 15:10:39 INFO  core.utils.ExcelReader - Test data loaded successfully for: TC_REGISTER_003
2026-05-13 15:10:39 INFO  core.utils.ExcelReader - Reading test data from Excel. File: src/test/resources/testdata/RegisterData.xlsx, Sheet: Register, TestCase: TC_REGISTER_006
2026-05-13 15:10:39 INFO  core.utils.ExcelReader - Test data loaded successfully for: TC_REGISTER_006
2026-05-13 15:10:39 INFO  core.utils.ExcelReader - Reading test data from Excel. File: src/test/resources/testdata/RegisterData.xlsx, Sheet: Register, TestCase: TC_REGISTER_001
2026-05-13 15:10:39 INFO  core.utils.ExcelReader - Reading test data from Excel. File: src/test/resources/testdata/RegisterData.xlsx, Sheet: Register, TestCase: TC_REGISTER_002
2026-05-13 15:10:39 INFO  core.utils.ExcelReader - Test data loaded successfully for: TC_REGISTER_002
2026-05-13 15:10:39 INFO  core.utils.ExcelReader - Test data loaded successfully for: TC_REGISTER_001
2026-05-13 15:10:39 INFO  core.utils.ExcelReader - Reading test data from Excel. File: src/test/resources/testdata/RegisterData.xlsx, Sheet: Register, TestCase: TC_REGISTER_009
2026-05-13 15:10:40 INFO  core.utils.ExcelReader - Test data loaded successfully for: TC_REGISTER_009
2026-05-13 15:10:40 INFO  core.utils.ExcelReader - Reading test data from Excel. File: src/test/resources/testdata/RegisterData.xlsx, Sheet: Register, TestCase: TC_REGISTER_005
2026-05-13 15:10:40 INFO  core.utils.ExcelReader - Reading test data from Excel. File: src/test/resources/testdata/RegisterData.xlsx, Sheet: Register, TestCase: TC_REGISTER_004
2026-05-13 15:10:40 INFO  core.utils.ExcelReader - Test data loaded successfully for: TC_REGISTER_005
2026-05-13 15:10:40 INFO  core.utils.ExcelReader - Test data loaded successfully for: TC_REGISTER_004
2026-05-13 15:10:41 INFO  core.utils.ExcelReader - Reading test data from Excel. File: src/test/resources/testdata/RegisterData.xlsx, Sheet: Register, TestCase: TC_REGISTER_008
2026-05-13 15:10:41 INFO  core.utils.ExcelReader - Test data loaded successfully for: TC_REGISTER_008
2026-05-13 15:10:43 INFO  core.driver.DriverFactory - Driver closed successfully
2026-05-13 15:10:43 INFO  core.driver.DriverFactory - Driver closed successfully
2026-05-13 15:10:43 INFO  core.driver.DriverFactory - Driver closed successfully
2026-05-13 15:10:43 INFO  core.hooks.Hooks - Finished Scenario: Register validation tests
2026-05-13 15:10:43 INFO  core.driver.DriverFactory - Driver closed successfully
2026-05-13 15:10:43 INFO  core.hooks.Hooks - Finished Scenario: Register validation tests
2026-05-13 15:10:43 INFO  core.hooks.Hooks - Finished Scenario: Register validation tests
2026-05-13 15:10:43 INFO  core.hooks.Hooks - Finished Scenario: Register validation tests
2026-05-13 15:10:43 INFO  core.driver.DriverFactory - Driver closed successfully
2026-05-13 15:10:43 INFO  core.hooks.Hooks - Finished Scenario: Register validation tests
2026-05-13 15:10:43 INFO  core.driver.DriverFactory - Initializing browser: chrome
2026-05-13 15:10:43 INFO  core.driver.DriverFactory - Headless mode: false
2026-05-13 15:10:43 INFO  core.driver.DriverFactory - Healenium enabled: false
2026-05-13 15:10:48 INFO  core.driver.DriverFactory - Browser initialized successfully
2026-05-13 15:10:48 INFO  core.hooks.Hooks - Starting Scenario: Register validation tests
2026-05-13 15:10:50 INFO  core.utils.ExcelReader - Reading test data from Excel. File: src/test/resources/testdata/RegisterData.xlsx, Sheet: Register, TestCase: TC_REGISTER_011
2026-05-13 15:10:50 INFO  core.utils.ExcelReader - Test data loaded successfully for: TC_REGISTER_011
2026-05-13 15:10:53 INFO  core.driver.DriverFactory - Driver closed successfully
2026-05-13 15:10:53 INFO  core.hooks.Hooks - Finished Scenario: Register validation tests
2026-05-13 15:10:53 INFO  core.driver.DriverFactory - Driver closed successfully
2026-05-13 15:10:53 INFO  core.hooks.Hooks - Finished Scenario: Register validation tests
2026-05-13 15:10:53 INFO  core.driver.DriverFactory - Driver closed successfully
2026-05-13 15:10:53 INFO  core.hooks.Hooks - Finished Scenario: Register validation tests
2026-05-13 15:10:53 INFO  core.driver.DriverFactory - Driver closed successfully
2026-05-13 15:10:53 INFO  core.hooks.Hooks - Finished Scenario: Register validation tests
2026-05-13 15:10:53 INFO  core.driver.DriverFactory - Driver closed successfully
2026-05-13 15:10:53 INFO  core.hooks.Hooks - Finished Scenario: Register validation tests
2026-05-13 15:10:54 INFO  core.utils.ExcelReader - Reading test data from Excel. File: src/test/resources/testdata/RegisterData.xlsx, Sheet: Register, TestCase: TC_REGISTER_011
2026-05-13 15:10:54 INFO  core.utils.ExcelReader - Test data loaded successfully for: TC_REGISTER_011
2026-05-13 15:11:06 INFO  core.driver.DriverFactory - Driver closed successfully
2026-05-13 15:11:06 INFO  core.hooks.Hooks - Finished Scenario: Register validation tests
2026-05-13 15:11:32 INFO  core.driver.DriverFactory - Initializing browser: chrome
2026-05-13 15:11:32 INFO  core.driver.DriverFactory - Initializing browser: chrome
2026-05-13 15:11:32 INFO  core.driver.DriverFactory - Initializing browser: chrome
2026-05-13 15:11:32 INFO  core.driver.DriverFactory - Initializing browser: chrome
2026-05-13 15:11:32 INFO  core.driver.DriverFactory - Headless mode: false
2026-05-13 15:11:32 INFO  core.driver.DriverFactory - Initializing browser: chrome
2026-05-13 15:11:32 INFO  core.driver.DriverFactory - Headless mode: false
2026-05-13 15:11:32 INFO  core.driver.DriverFactory - Initializing browser: chrome
2026-05-13 15:11:32 INFO  core.driver.DriverFactory - Initializing browser: chrome
2026-05-13 15:11:32 INFO  core.driver.DriverFactory - Headless mode: false
2026-05-13 15:11:32 INFO  core.driver.DriverFactory - Initializing browser: chrome
2026-05-13 15:11:32 INFO  core.driver.DriverFactory - Headless mode: false
2026-05-13 15:11:32 INFO  core.driver.DriverFactory - Healenium enabled: false
2026-05-13 15:11:32 INFO  core.driver.DriverFactory - Headless mode: false
2026-05-13 15:11:32 INFO  core.driver.DriverFactory - Initializing browser: chrome
2026-05-13 15:11:32 INFO  core.driver.DriverFactory - Initializing browser: chrome
2026-05-13 15:11:32 INFO  core.driver.DriverFactory - Headless mode: false
2026-05-13 15:11:32 INFO  core.driver.DriverFactory - Healenium enabled: false
2026-05-13 15:11:32 INFO  core.driver.DriverFactory - Headless mode: false
2026-05-13 15:11:32 INFO  core.driver.DriverFactory - Headless mode: false
2026-05-13 15:11:32 INFO  core.driver.DriverFactory - Headless mode: false
2026-05-13 15:11:32 INFO  core.driver.DriverFactory - Healenium enabled: false
2026-05-13 15:11:32 INFO  core.driver.DriverFactory - Headless mode: false
2026-05-13 15:11:32 INFO  core.driver.DriverFactory - Healenium enabled: false
2026-05-13 15:11:32 INFO  core.driver.DriverFactory - Healenium enabled: false
2026-05-13 15:11:32 INFO  core.driver.DriverFactory - Healenium enabled: false
2026-05-13 15:11:32 INFO  core.driver.DriverFactory - Healenium enabled: false
2026-05-13 15:11:32 INFO  core.driver.DriverFactory - Healenium enabled: false
2026-05-13 15:11:32 INFO  core.driver.DriverFactory - Healenium enabled: false
2026-05-13 15:11:32 INFO  core.driver.DriverFactory - Healenium enabled: false
2026-05-13 15:11:46 INFO  core.driver.DriverFactory - Browser initialized successfully
2026-05-13 15:11:46 INFO  core.hooks.Hooks - Starting Scenario: Register validation tests
2026-05-13 15:11:47 INFO  core.driver.DriverFactory - Browser initialized successfully
2026-05-13 15:11:47 INFO  core.hooks.Hooks - Starting Scenario: Register validation tests
2026-05-13 15:11:47 INFO  core.driver.DriverFactory - Browser initialized successfully
2026-05-13 15:11:47 INFO  core.hooks.Hooks - Starting Scenario: Register validation tests
2026-05-13 15:11:47 INFO  core.driver.DriverFactory - Browser initialized successfully
2026-05-13 15:11:47 INFO  core.hooks.Hooks - Starting Scenario: Register validation tests
2026-05-13 15:11:47 INFO  core.driver.DriverFactory - Browser initialized successfully
2026-05-13 15:11:47 INFO  core.hooks.Hooks - Starting Scenario: Register validation tests
2026-05-13 15:11:47 INFO  core.driver.DriverFactory - Browser initialized successfully
2026-05-13 15:11:47 INFO  core.hooks.Hooks - Starting Scenario: Register validation tests
2026-05-13 15:11:47 INFO  core.driver.DriverFactory - Browser initialized successfully
2026-05-13 15:11:47 INFO  core.hooks.Hooks - Starting Scenario: Register validation tests
2026-05-13 15:11:47 INFO  core.driver.DriverFactory - Browser initialized successfully
2026-05-13 15:11:47 INFO  core.hooks.Hooks - Starting Scenario: Register validation tests
2026-05-13 15:11:47 INFO  core.driver.DriverFactory - Browser initialized successfully
2026-05-13 15:11:47 INFO  core.hooks.Hooks - Starting Scenario: Register validation tests
2026-05-13 15:11:47 INFO  core.driver.DriverFactory - Browser initialized successfully
2026-05-13 15:11:47 INFO  core.hooks.Hooks - Starting Scenario: Register validation tests
2026-05-13 15:11:51 INFO  core.utils.ExcelReader - Reading test data from Excel. File: src/test/resources/testdata/RegisterData.xlsx, Sheet: Register, TestCase: TC_REGISTER_003
2026-05-13 15:11:51 INFO  core.utils.ExcelReader - Reading test data from Excel. File: src/test/resources/testdata/RegisterData.xlsx, Sheet: Register, TestCase: TC_REGISTER_009
2026-05-13 15:11:53 INFO  core.utils.ExcelReader - Test data loaded successfully for: TC_REGISTER_003
2026-05-13 15:11:53 INFO  core.utils.ExcelReader - Test data loaded successfully for: TC_REGISTER_009
2026-05-13 15:11:54 INFO  core.utils.ExcelReader - Reading test data from Excel. File: src/test/resources/testdata/RegisterData.xlsx, Sheet: Register, TestCase: TC_REGISTER_010
2026-05-13 15:11:54 INFO  core.utils.ExcelReader - Test data loaded successfully for: TC_REGISTER_010
2026-05-13 15:11:55 INFO  core.utils.ExcelReader - Reading test data from Excel. File: src/test/resources/testdata/RegisterData.xlsx, Sheet: Register, TestCase: TC_REGISTER_004
2026-05-13 15:11:55 INFO  core.utils.ExcelReader - Test data loaded successfully for: TC_REGISTER_004
2026-05-13 15:11:55 INFO  core.utils.ExcelReader - Reading test data from Excel. File: src/test/resources/testdata/RegisterData.xlsx, Sheet: Register, TestCase: TC_REGISTER_001
2026-05-13 15:11:55 INFO  core.utils.ExcelReader - Test data loaded successfully for: TC_REGISTER_001
2026-05-13 15:11:55 INFO  core.utils.ExcelReader - Reading test data from Excel. File: src/test/resources/testdata/RegisterData.xlsx, Sheet: Register, TestCase: TC_REGISTER_008
2026-05-13 15:11:55 INFO  core.utils.ExcelReader - Test data loaded successfully for: TC_REGISTER_008
2026-05-13 15:11:56 INFO  core.utils.ExcelReader - Reading test data from Excel. File: src/test/resources/testdata/RegisterData.xlsx, Sheet: Register, TestCase: TC_REGISTER_002
2026-05-13 15:11:56 INFO  core.utils.ExcelReader - Test data loaded successfully for: TC_REGISTER_002
2026-05-13 15:11:57 INFO  core.utils.ExcelReader - Reading test data from Excel. File: src/test/resources/testdata/RegisterData.xlsx, Sheet: Register, TestCase: TC_REGISTER_006
2026-05-13 15:11:57 INFO  core.utils.ExcelReader - Reading test data from Excel. File: src/test/resources/testdata/RegisterData.xlsx, Sheet: Register, TestCase: TC_REGISTER_007
2026-05-13 15:11:57 INFO  core.utils.ExcelReader - Test data loaded successfully for: TC_REGISTER_006
2026-05-13 15:11:57 INFO  core.utils.ExcelReader - Test data loaded successfully for: TC_REGISTER_007
2026-05-13 15:11:57 INFO  core.utils.ExcelReader - Reading test data from Excel. File: src/test/resources/testdata/RegisterData.xlsx, Sheet: Register, TestCase: TC_REGISTER_005
2026-05-13 15:11:57 INFO  core.utils.ExcelReader - Test data loaded successfully for: TC_REGISTER_005
2026-05-13 15:12:01 INFO  core.utils.ExcelReader - Reading test data from Excel. File: src/test/resources/testdata/RegisterData.xlsx, Sheet: Register, TestCase: TC_REGISTER_010
2026-05-13 15:12:01 INFO  core.utils.ExcelReader - Test data loaded successfully for: TC_REGISTER_010
2026-05-13 15:12:02 INFO  core.utils.ExcelReader - Reading test data from Excel. File: src/test/resources/testdata/RegisterData.xlsx, Sheet: Register, TestCase: TC_REGISTER_001
2026-05-13 15:12:02 INFO  core.utils.ExcelReader - Test data loaded successfully for: TC_REGISTER_001
2026-05-13 15:12:02 INFO  core.utils.ExcelReader - Reading test data from Excel. File: src/test/resources/testdata/RegisterData.xlsx, Sheet: Register, TestCase: TC_REGISTER_003
2026-05-13 15:12:02 INFO  core.utils.ExcelReader - Test data loaded successfully for: TC_REGISTER_003
2026-05-13 15:12:03 INFO  core.utils.ExcelReader - Reading test data from Excel. File: src/test/resources/testdata/RegisterData.xlsx, Sheet: Register, TestCase: TC_REGISTER_009
2026-05-13 15:12:03 INFO  core.utils.ExcelReader - Test data loaded successfully for: TC_REGISTER_009
2026-05-13 15:12:03 INFO  core.utils.ExcelReader - Reading test data from Excel. File: src/test/resources/testdata/RegisterData.xlsx, Sheet: Register, TestCase: TC_REGISTER_002
2026-05-13 15:12:03 INFO  core.utils.ExcelReader - Reading test data from Excel. File: src/test/resources/testdata/RegisterData.xlsx, Sheet: Register, TestCase: TC_REGISTER_006
2026-05-13 15:12:03 INFO  core.utils.ExcelReader - Test data loaded successfully for: TC_REGISTER_002
2026-05-13 15:12:03 INFO  core.utils.ExcelReader - Reading test data from Excel. File: src/test/resources/testdata/RegisterData.xlsx, Sheet: Register, TestCase: TC_REGISTER_007
2026-05-13 15:12:03 INFO  core.utils.ExcelReader - Test data loaded successfully for: TC_REGISTER_006
2026-05-13 15:12:03 INFO  core.utils.ExcelReader - Test data loaded successfully for: TC_REGISTER_007
2026-05-13 15:12:04 INFO  core.utils.ExcelReader - Reading test data from Excel. File: src/test/resources/testdata/RegisterData.xlsx, Sheet: Register, TestCase: TC_REGISTER_004
2026-05-13 15:12:04 INFO  core.utils.ExcelReader - Test data loaded successfully for: TC_REGISTER_004
2026-05-13 15:12:04 INFO  core.utils.ExcelReader - Reading test data from Excel. File: src/test/resources/testdata/RegisterData.xlsx, Sheet: Register, TestCase: TC_REGISTER_008
2026-05-13 15:12:04 INFO  core.utils.ExcelReader - Test data loaded successfully for: TC_REGISTER_008
2026-05-13 15:12:05 INFO  core.utils.ExcelReader - Reading test data from Excel. File: src/test/resources/testdata/RegisterData.xlsx, Sheet: Register, TestCase: TC_REGISTER_005
2026-05-13 15:12:05 INFO  core.utils.ExcelReader - Test data loaded successfully for: TC_REGISTER_005
2026-05-13 15:12:08 INFO  core.driver.DriverFactory - Driver closed successfully
2026-05-13 15:12:08 INFO  core.hooks.Hooks - Finished Scenario: Register validation tests
2026-05-13 15:12:08 INFO  core.driver.DriverFactory - Initializing browser: chrome
2026-05-13 15:12:08 INFO  core.driver.DriverFactory - Headless mode: false
2026-05-13 15:12:08 INFO  core.driver.DriverFactory - Healenium enabled: false
2026-05-13 15:12:08 INFO  core.driver.DriverFactory - Driver closed successfully
2026-05-13 15:12:08 INFO  core.hooks.Hooks - Finished Scenario: Register validation tests
2026-05-13 15:12:08 INFO  core.driver.DriverFactory - Driver closed successfully
2026-05-13 15:12:08 INFO  core.hooks.Hooks - Finished Scenario: Register validation tests
2026-05-13 15:12:08 INFO  core.driver.DriverFactory - Driver closed successfully
2026-05-13 15:12:08 INFO  core.hooks.Hooks - Finished Scenario: Register validation tests
2026-05-13 15:12:08 INFO  core.driver.DriverFactory - Driver closed successfully
2026-05-13 15:12:08 INFO  core.hooks.Hooks - Finished Scenario: Register validation tests
2026-05-13 15:12:14 INFO  core.driver.DriverFactory - Browser initialized successfully
2026-05-13 15:12:14 INFO  core.hooks.Hooks - Starting Scenario: Register validation tests
2026-05-13 15:12:17 INFO  core.driver.DriverFactory - Driver closed successfully
2026-05-13 15:12:17 INFO  core.hooks.Hooks - Finished Scenario: Register validation tests
2026-05-13 15:12:17 INFO  core.driver.DriverFactory - Driver closed successfully
2026-05-13 15:12:17 INFO  core.hooks.Hooks - Finished Scenario: Register validation tests
2026-05-13 15:12:17 INFO  core.driver.DriverFactory - Driver closed successfully
2026-05-13 15:12:17 INFO  core.hooks.Hooks - Finished Scenario: Register validation tests
2026-05-13 15:12:17 INFO  core.driver.DriverFactory - Driver closed successfully
2026-05-13 15:12:17 INFO  core.hooks.Hooks - Finished Scenario: Register validation tests
2026-05-13 15:12:17 INFO  core.driver.DriverFactory - Driver closed successfully
2026-05-13 15:12:17 INFO  core.hooks.Hooks - Finished Scenario: Register validation tests
2026-05-13 15:12:17 INFO  core.utils.ExcelReader - Reading test data from Excel. File: src/test/resources/testdata/RegisterData.xlsx, Sheet: Register, TestCase: TC_REGISTER_011
2026-05-13 15:12:17 INFO  core.utils.ExcelReader - Test data loaded successfully for: TC_REGISTER_011
2026-05-13 15:12:19 INFO  core.utils.ExcelReader - Reading test data from Excel. File: src/test/resources/testdata/RegisterData.xlsx, Sheet: Register, TestCase: TC_REGISTER_011
2026-05-13 15:12:19 INFO  core.utils.ExcelReader - Test data loaded successfully for: TC_REGISTER_011
2026-05-13 15:12:30 INFO  core.driver.DriverFactory - Driver closed successfully
2026-05-13 15:12:30 INFO  core.hooks.Hooks - Finished Scenario: Register validation tests
2026-05-13 15:16:35 INFO  core.driver.DriverFactory - Initializing browser: chrome
2026-05-13 15:16:35 INFO  core.driver.DriverFactory - Initializing browser: chrome
2026-05-13 15:16:35 INFO  core.driver.DriverFactory - Initializing browser: chrome
2026-05-13 15:16:35 INFO  core.driver.DriverFactory - Initializing browser: chrome
2026-05-13 15:16:35 INFO  core.driver.DriverFactory - Headless mode: false
2026-05-13 15:16:35 INFO  core.driver.DriverFactory - Initializing browser: chrome
2026-05-13 15:16:35 INFO  core.driver.DriverFactory - Headless mode: false
2026-05-13 15:16:35 INFO  core.driver.DriverFactory - Headless mode: false
2026-05-13 15:16:35 INFO  core.driver.DriverFactory - Healenium enabled: false
2026-05-13 15:16:35 INFO  core.driver.DriverFactory - Initializing browser: chrome
2026-05-13 15:16:35 INFO  core.driver.DriverFactory - Initializing browser: chrome
2026-05-13 15:16:35 INFO  core.driver.DriverFactory - Initializing browser: chrome
2026-05-13 15:16:35 INFO  core.driver.DriverFactory - Initializing browser: chrome
2026-05-13 15:16:35 INFO  core.driver.DriverFactory - Headless mode: false
2026-05-13 15:16:35 INFO  core.driver.DriverFactory - Healenium enabled: false
2026-05-13 15:16:35 INFO  core.driver.DriverFactory - Healenium enabled: false
2026-05-13 15:16:35 INFO  core.driver.DriverFactory - Initializing browser: chrome
2026-05-13 15:16:35 INFO  core.driver.DriverFactory - Healenium enabled: false
2026-05-13 15:16:35 INFO  core.driver.DriverFactory - Headless mode: false
2026-05-13 15:16:35 INFO  core.driver.DriverFactory - Headless mode: false
2026-05-13 15:16:35 INFO  core.driver.DriverFactory - Headless mode: false
2026-05-13 15:16:35 INFO  core.driver.DriverFactory - Healenium enabled: false
2026-05-13 15:16:35 INFO  core.driver.DriverFactory - Healenium enabled: false
2026-05-13 15:16:35 INFO  core.driver.DriverFactory - Headless mode: false
2026-05-13 15:16:35 INFO  core.driver.DriverFactory - Headless mode: false
2026-05-13 15:16:35 INFO  core.driver.DriverFactory - Headless mode: false
2026-05-13 15:16:35 INFO  core.driver.DriverFactory - Healenium enabled: false
2026-05-13 15:16:35 INFO  core.driver.DriverFactory - Healenium enabled: false
2026-05-13 15:16:35 INFO  core.driver.DriverFactory - Healenium enabled: false
2026-05-13 15:16:35 INFO  core.driver.DriverFactory - Healenium enabled: false
2026-05-13 15:16:41 INFO  core.driver.DriverFactory - Browser initialized successfully
2026-05-13 15:16:41 INFO  core.hooks.Hooks - Starting Scenario: Register validation tests
2026-05-13 15:16:43 INFO  core.driver.DriverFactory - Browser initialized successfully
2026-05-13 15:16:43 INFO  core.hooks.Hooks - Starting Scenario: Register validation tests
2026-05-13 15:16:43 INFO  core.utils.ExcelReader - Reading test data from Excel. File: src/test/resources/testdata/RegisterData.xlsx, Sheet: Register, TestCase: TC_REGISTER_010
2026-05-13 15:16:44 INFO  core.driver.DriverFactory - Browser initialized successfully
2026-05-13 15:16:44 INFO  core.hooks.Hooks - Starting Scenario: Register validation tests
2026-05-13 15:16:44 INFO  core.utils.ExcelReader - Test data loaded successfully for: TC_REGISTER_010
2026-05-13 15:16:45 INFO  core.utils.ExcelReader - Reading test data from Excel. File: src/test/resources/testdata/RegisterData.xlsx, Sheet: Register, TestCase: TC_REGISTER_002
2026-05-13 15:16:45 INFO  core.utils.ExcelReader - Test data loaded successfully for: TC_REGISTER_002
2026-05-13 15:16:45 INFO  core.utils.ExcelReader - Reading test data from Excel. File: src/test/resources/testdata/RegisterData.xlsx, Sheet: Register, TestCase: TC_REGISTER_008
2026-05-13 15:16:45 INFO  core.utils.ExcelReader - Test data loaded successfully for: TC_REGISTER_008
2026-05-13 15:16:46 INFO  core.driver.DriverFactory - Browser initialized successfully
2026-05-13 15:16:46 INFO  core.hooks.Hooks - Starting Scenario: Register validation tests
2026-05-13 15:16:48 INFO  core.utils.ExcelReader - Reading test data from Excel. File: src/test/resources/testdata/RegisterData.xlsx, Sheet: Register, TestCase: TC_REGISTER_009
2026-05-13 15:16:48 INFO  core.utils.ExcelReader - Test data loaded successfully for: TC_REGISTER_009
2026-05-13 15:16:49 INFO  core.driver.DriverFactory - Browser initialized successfully
2026-05-13 15:16:49 INFO  core.hooks.Hooks - Starting Scenario: Register validation tests
2026-05-13 15:16:50 INFO  core.driver.DriverFactory - Browser initialized successfully
2026-05-13 15:16:50 INFO  core.hooks.Hooks - Starting Scenario: Register validation tests
2026-05-13 15:16:50 INFO  core.driver.DriverFactory - Browser initialized successfully
2026-05-13 15:16:50 INFO  core.driver.DriverFactory - Browser initialized successfully
2026-05-13 15:16:50 INFO  core.hooks.Hooks - Starting Scenario: Register validation tests
2026-05-13 15:16:50 INFO  core.hooks.Hooks - Starting Scenario: Register validation tests
2026-05-13 15:16:51 INFO  core.utils.ExcelReader - Reading test data from Excel. File: src/test/resources/testdata/RegisterData.xlsx, Sheet: Register, TestCase: TC_REGISTER_005
2026-05-13 15:16:51 INFO  core.utils.ExcelReader - Test data loaded successfully for: TC_REGISTER_005
2026-05-13 15:16:51 INFO  core.driver.DriverFactory - Browser initialized successfully
2026-05-13 15:16:51 INFO  core.hooks.Hooks - Starting Scenario: Register validation tests
2026-05-13 15:16:51 INFO  core.driver.DriverFactory - Browser initialized successfully
2026-05-13 15:16:51 INFO  core.hooks.Hooks - Starting Scenario: Register validation tests
2026-05-13 15:16:52 INFO  core.utils.ExcelReader - Reading test data from Excel. File: src/test/resources/testdata/RegisterData.xlsx, Sheet: Register, TestCase: TC_REGISTER_007
2026-05-13 15:16:52 INFO  core.utils.ExcelReader - Test data loaded successfully for: TC_REGISTER_007
2026-05-13 15:16:52 INFO  core.utils.ExcelReader - Reading test data from Excel. File: src/test/resources/testdata/RegisterData.xlsx, Sheet: Register, TestCase: TC_REGISTER_001
2026-05-13 15:16:52 INFO  core.utils.ExcelReader - Test data loaded successfully for: TC_REGISTER_001
2026-05-13 15:16:52 INFO  core.utils.ExcelReader - Reading test data from Excel. File: src/test/resources/testdata/RegisterData.xlsx, Sheet: Register, TestCase: TC_REGISTER_006
2026-05-13 15:16:52 INFO  core.utils.ExcelReader - Reading test data from Excel. File: src/test/resources/testdata/RegisterData.xlsx, Sheet: Register, TestCase: TC_REGISTER_003
2026-05-13 15:16:53 INFO  core.utils.ExcelReader - Test data loaded successfully for: TC_REGISTER_003
2026-05-13 15:16:53 INFO  core.utils.ExcelReader - Test data loaded successfully for: TC_REGISTER_006
2026-05-13 15:16:53 INFO  core.utils.ExcelReader - Reading test data from Excel. File: src/test/resources/testdata/RegisterData.xlsx, Sheet: Register, TestCase: TC_REGISTER_004
2026-05-13 15:16:53 INFO  core.utils.ExcelReader - Test data loaded successfully for: TC_REGISTER_004
2026-05-13 15:16:56 INFO  core.utils.ExcelReader - Reading test data from Excel. File: src/test/resources/testdata/RegisterData.xlsx, Sheet: Register, TestCase: TC_REGISTER_010
2026-05-13 15:16:56 INFO  core.utils.ExcelReader - Test data loaded successfully for: TC_REGISTER_010
2026-05-13 15:16:57 INFO  core.utils.ExcelReader - Reading test data from Excel. File: src/test/resources/testdata/RegisterData.xlsx, Sheet: Register, TestCase: TC_REGISTER_002
2026-05-13 15:16:57 INFO  core.utils.ExcelReader - Test data loaded successfully for: TC_REGISTER_002
2026-05-13 15:16:57 INFO  core.utils.ExcelReader - Reading test data from Excel. File: src/test/resources/testdata/RegisterData.xlsx, Sheet: Register, TestCase: TC_REGISTER_009
2026-05-13 15:16:57 INFO  core.utils.ExcelReader - Test data loaded successfully for: TC_REGISTER_009
2026-05-13 15:16:58 INFO  core.utils.ExcelReader - Reading test data from Excel. File: src/test/resources/testdata/RegisterData.xlsx, Sheet: Register, TestCase: TC_REGISTER_008
2026-05-13 15:16:58 INFO  core.utils.ExcelReader - Test data loaded successfully for: TC_REGISTER_008
2026-05-13 15:16:59 INFO  core.utils.ExcelReader - Reading test data from Excel. File: src/test/resources/testdata/RegisterData.xlsx, Sheet: Register, TestCase: TC_REGISTER_004
2026-05-13 15:16:59 INFO  core.utils.ExcelReader - Reading test data from Excel. File: src/test/resources/testdata/RegisterData.xlsx, Sheet: Register, TestCase: TC_REGISTER_005
2026-05-13 15:16:59 INFO  core.utils.ExcelReader - Test data loaded successfully for: TC_REGISTER_004
2026-05-13 15:16:59 INFO  core.utils.ExcelReader - Reading test data from Excel. File: src/test/resources/testdata/RegisterData.xlsx, Sheet: Register, TestCase: TC_REGISTER_007
2026-05-13 15:16:59 INFO  core.utils.ExcelReader - Test data loaded successfully for: TC_REGISTER_005
2026-05-13 15:16:59 INFO  core.utils.ExcelReader - Test data loaded successfully for: TC_REGISTER_007
2026-05-13 15:16:59 INFO  core.utils.ExcelReader - Reading test data from Excel. File: src/test/resources/testdata/RegisterData.xlsx, Sheet: Register, TestCase: TC_REGISTER_003
2026-05-13 15:16:59 INFO  core.utils.ExcelReader - Reading test data from Excel. File: src/test/resources/testdata/RegisterData.xlsx, Sheet: Register, TestCase: TC_REGISTER_006
2026-05-13 15:16:59 INFO  core.utils.ExcelReader - Reading test data from Excel. File: src/test/resources/testdata/RegisterData.xlsx, Sheet: Register, TestCase: TC_REGISTER_001
2026-05-13 15:16:59 INFO  core.utils.ExcelReader - Test data loaded successfully for: TC_REGISTER_003
2026-05-13 15:16:59 INFO  core.utils.ExcelReader - Test data loaded successfully for: TC_REGISTER_001
2026-05-13 15:17:00 INFO  core.utils.ExcelReader - Test data loaded successfully for: TC_REGISTER_006
2026-05-13 15:17:02 INFO  core.driver.DriverFactory - Driver closed successfully
2026-05-13 15:17:02 INFO  core.hooks.Hooks - Finished Scenario: Register validation tests
2026-05-13 15:17:02 INFO  core.driver.DriverFactory - Initializing browser: chrome
2026-05-13 15:17:02 INFO  core.driver.DriverFactory - Headless mode: false
2026-05-13 15:17:02 INFO  core.driver.DriverFactory - Healenium enabled: false
2026-05-13 15:17:02 INFO  core.driver.DriverFactory - Driver closed successfully
2026-05-13 15:17:02 INFO  core.hooks.Hooks - Finished Scenario: Register validation tests
2026-05-13 15:17:02 INFO  core.driver.DriverFactory - Driver closed successfully
2026-05-13 15:17:02 INFO  core.hooks.Hooks - Finished Scenario: Register validation tests
2026-05-13 15:17:03 INFO  core.driver.DriverFactory - Driver closed successfully
2026-05-13 15:17:03 INFO  core.hooks.Hooks - Finished Scenario: Register validation tests
2026-05-13 15:17:03 INFO  core.driver.DriverFactory - Driver closed successfully
2026-05-13 15:17:03 INFO  core.hooks.Hooks - Finished Scenario: Register validation tests
2026-05-13 15:17:06 INFO  core.driver.DriverFactory - Browser initialized successfully
2026-05-13 15:17:06 INFO  core.hooks.Hooks - Starting Scenario: Register validation tests
2026-05-13 15:17:08 INFO  core.utils.ExcelReader - Reading test data from Excel. File: src/test/resources/testdata/RegisterData.xlsx, Sheet: Register, TestCase: TC_REGISTER_011
2026-05-13 15:17:08 INFO  core.utils.ExcelReader - Test data loaded successfully for: TC_REGISTER_011
2026-05-13 15:17:08 INFO  core.driver.DriverFactory - Driver closed successfully
2026-05-13 15:17:08 INFO  core.hooks.Hooks - Finished Scenario: Register validation tests
2026-05-13 15:17:10 INFO  core.driver.DriverFactory - Driver closed successfully
2026-05-13 15:17:10 INFO  core.hooks.Hooks - Finished Scenario: Register validation tests
2026-05-13 15:17:10 INFO  core.driver.DriverFactory - Driver closed successfully
2026-05-13 15:17:10 INFO  core.hooks.Hooks - Finished Scenario: Register validation tests
2026-05-13 15:17:11 INFO  core.driver.DriverFactory - Driver closed successfully
2026-05-13 15:17:11 INFO  core.hooks.Hooks - Finished Scenario: Register validation tests
2026-05-13 15:17:11 INFO  core.utils.ExcelReader - Reading test data from Excel. File: src/test/resources/testdata/RegisterData.xlsx, Sheet: Register, TestCase: TC_REGISTER_011
2026-05-13 15:17:11 INFO  core.utils.ExcelReader - Test data loaded successfully for: TC_REGISTER_011
2026-05-13 15:17:11 INFO  core.driver.DriverFactory - Driver closed successfully
2026-05-13 15:17:11 INFO  core.hooks.Hooks - Finished Scenario: Register validation tests
2026-05-13 15:17:22 INFO  core.driver.DriverFactory - Driver closed successfully
2026-05-13 15:17:22 INFO  core.hooks.Hooks - Finished Scenario: Register validation tests
2026-05-13 15:20:18 INFO  core.driver.DriverFactory - Initializing browser: chrome
2026-05-13 15:20:18 INFO  core.driver.DriverFactory - Initializing browser: chrome
2026-05-13 15:20:18 INFO  core.driver.DriverFactory - Initializing browser: chrome
2026-05-13 15:20:18 INFO  core.driver.DriverFactory - Initializing browser: chrome
2026-05-13 15:20:18 INFO  core.driver.DriverFactory - Initializing browser: chrome
2026-05-13 15:20:18 INFO  core.driver.DriverFactory - Initializing browser: chrome
2026-05-13 15:20:18 INFO  core.driver.DriverFactory - Initializing browser: chrome
2026-05-13 15:20:18 INFO  core.driver.DriverFactory - Headless mode: false
2026-05-13 15:20:18 INFO  core.driver.DriverFactory - Headless mode: false
2026-05-13 15:20:18 INFO  core.driver.DriverFactory - Headless mode: false
2026-05-13 15:20:18 INFO  core.driver.DriverFactory - Headless mode: false
2026-05-13 15:20:18 INFO  core.driver.DriverFactory - Initializing browser: chrome
2026-05-13 15:20:18 INFO  core.driver.DriverFactory - Initializing browser: chrome
2026-05-13 15:20:18 INFO  core.driver.DriverFactory - Initializing browser: chrome
2026-05-13 15:20:18 INFO  core.driver.DriverFactory - Headless mode: false
2026-05-13 15:20:18 INFO  core.driver.DriverFactory - Headless mode: false
2026-05-13 15:20:18 INFO  core.driver.DriverFactory - Healenium enabled: false
2026-05-13 15:20:18 INFO  core.driver.DriverFactory - Healenium enabled: false
2026-05-13 15:20:18 INFO  core.driver.DriverFactory - Healenium enabled: false
2026-05-13 15:20:18 INFO  core.driver.DriverFactory - Healenium enabled: false
2026-05-13 15:20:18 INFO  core.driver.DriverFactory - Headless mode: false
2026-05-13 15:20:18 INFO  core.driver.DriverFactory - Healenium enabled: false
2026-05-13 15:20:18 INFO  core.driver.DriverFactory - Headless mode: false
2026-05-13 15:20:18 INFO  core.driver.DriverFactory - Healenium enabled: false
2026-05-13 15:20:18 INFO  core.driver.DriverFactory - Headless mode: false
2026-05-13 15:20:18 INFO  core.driver.DriverFactory - Healenium enabled: false
2026-05-13 15:20:18 INFO  core.driver.DriverFactory - Headless mode: false
2026-05-13 15:20:18 INFO  core.driver.DriverFactory - Healenium enabled: false
2026-05-13 15:20:18 INFO  core.driver.DriverFactory - Healenium enabled: false
2026-05-13 15:20:18 INFO  core.driver.DriverFactory - Healenium enabled: false
2026-05-13 15:20:29 INFO  core.driver.DriverFactory - Browser initialized successfully
2026-05-13 15:20:29 INFO  core.hooks.Hooks - Starting Scenario: Register validation tests
2026-05-13 15:20:29 INFO  core.driver.DriverFactory - Browser initialized successfully
2026-05-13 15:20:29 INFO  core.driver.DriverFactory - Browser initialized successfully
2026-05-13 15:20:29 INFO  core.hooks.Hooks - Starting Scenario: Register validation tests
2026-05-13 15:20:29 INFO  core.hooks.Hooks - Starting Scenario: Register validation tests
2026-05-13 15:20:30 INFO  core.driver.DriverFactory - Browser initialized successfully
2026-05-13 15:20:30 INFO  core.hooks.Hooks - Starting Scenario: Register validation tests
2026-05-13 15:20:30 INFO  core.driver.DriverFactory - Browser initialized successfully
2026-05-13 15:20:30 INFO  core.hooks.Hooks - Starting Scenario: Register validation tests
2026-05-13 15:20:30 INFO  core.driver.DriverFactory - Browser initialized successfully
2026-05-13 15:20:30 INFO  core.hooks.Hooks - Starting Scenario: Register validation tests
2026-05-13 15:20:30 INFO  core.driver.DriverFactory - Browser initialized successfully
2026-05-13 15:20:30 INFO  core.hooks.Hooks - Starting Scenario: Register validation tests
2026-05-13 15:20:30 INFO  core.driver.DriverFactory - Browser initialized successfully
2026-05-13 15:20:30 INFO  core.hooks.Hooks - Starting Scenario: Register validation tests
2026-05-13 15:20:31 INFO  core.driver.DriverFactory - Browser initialized successfully
2026-05-13 15:20:31 INFO  core.hooks.Hooks - Starting Scenario: Register validation tests
2026-05-13 15:20:31 INFO  core.driver.DriverFactory - Browser initialized successfully
2026-05-13 15:20:31 INFO  core.hooks.Hooks - Starting Scenario: Register validation tests
2026-05-13 15:20:31 INFO  core.utils.ExcelReader - Reading test data from Excel. File: src/test/resources/testdata/RegisterData.xlsx, Sheet: Register, TestCase: TC_REGISTER_010
2026-05-13 15:20:31 INFO  core.utils.ExcelReader - Reading test data from Excel. File: src/test/resources/testdata/RegisterData.xlsx, Sheet: Register, TestCase: TC_REGISTER_005
2026-05-13 15:20:33 INFO  core.utils.ExcelReader - Test data loaded successfully for: TC_REGISTER_005
2026-05-13 15:20:33 INFO  core.utils.ExcelReader - Test data loaded successfully for: TC_REGISTER_010
2026-05-13 15:20:33 INFO  core.utils.ExcelReader - Reading test data from Excel. File: src/test/resources/testdata/RegisterData.xlsx, Sheet: Register, TestCase: TC_REGISTER_004
2026-05-13 15:20:33 INFO  core.utils.ExcelReader - Test data loaded successfully for: TC_REGISTER_004
2026-05-13 15:20:34 INFO  core.utils.ExcelReader - Reading test data from Excel. File: src/test/resources/testdata/RegisterData.xlsx, Sheet: Register, TestCase: TC_REGISTER_001
2026-05-13 15:20:34 INFO  core.utils.ExcelReader - Test data loaded successfully for: TC_REGISTER_001
2026-05-13 15:20:35 INFO  core.utils.ExcelReader - Reading test data from Excel. File: src/test/resources/testdata/RegisterData.xlsx, Sheet: Register, TestCase: TC_REGISTER_002
2026-05-13 15:20:35 INFO  core.utils.ExcelReader - Test data loaded successfully for: TC_REGISTER_002
2026-05-13 15:20:36 INFO  core.utils.ExcelReader - Reading test data from Excel. File: src/test/resources/testdata/RegisterData.xlsx, Sheet: Register, TestCase: TC_REGISTER_008
2026-05-13 15:20:36 INFO  core.utils.ExcelReader - Test data loaded successfully for: TC_REGISTER_008
2026-05-13 15:20:36 INFO  core.utils.ExcelReader - Reading test data from Excel. File: src/test/resources/testdata/RegisterData.xlsx, Sheet: Register, TestCase: TC_REGISTER_006
2026-05-13 15:20:36 INFO  core.utils.ExcelReader - Test data loaded successfully for: TC_REGISTER_006
2026-05-13 15:20:36 INFO  core.utils.ExcelReader - Reading test data from Excel. File: src/test/resources/testdata/RegisterData.xlsx, Sheet: Register, TestCase: TC_REGISTER_007
2026-05-13 15:20:36 INFO  core.utils.ExcelReader - Reading test data from Excel. File: src/test/resources/testdata/RegisterData.xlsx, Sheet: Register, TestCase: TC_REGISTER_003
2026-05-13 15:20:36 INFO  core.utils.ExcelReader - Test data loaded successfully for: TC_REGISTER_003
2026-05-13 15:20:36 INFO  core.utils.ExcelReader - Test data loaded successfully for: TC_REGISTER_007
2026-05-13 15:20:36 INFO  core.utils.ExcelReader - Reading test data from Excel. File: src/test/resources/testdata/RegisterData.xlsx, Sheet: Register, TestCase: TC_REGISTER_009
2026-05-13 15:20:36 INFO  core.utils.ExcelReader - Test data loaded successfully for: TC_REGISTER_009
2026-05-13 15:20:42 INFO  core.utils.ExcelReader - Reading test data from Excel. File: src/test/resources/testdata/RegisterData.xlsx, Sheet: Register, TestCase: TC_REGISTER_004
2026-05-13 15:20:42 INFO  core.utils.ExcelReader - Test data loaded successfully for: TC_REGISTER_004
2026-05-13 15:20:43 INFO  core.utils.ExcelReader - Reading test data from Excel. File: src/test/resources/testdata/RegisterData.xlsx, Sheet: Register, TestCase: TC_REGISTER_010
2026-05-13 15:20:43 INFO  core.utils.ExcelReader - Test data loaded successfully for: TC_REGISTER_010
2026-05-13 15:20:43 INFO  core.utils.ExcelReader - Reading test data from Excel. File: src/test/resources/testdata/RegisterData.xlsx, Sheet: Register, TestCase: TC_REGISTER_002
2026-05-13 15:20:43 INFO  core.utils.ExcelReader - Test data loaded successfully for: TC_REGISTER_002
2026-05-13 15:20:43 INFO  core.utils.ExcelReader - Reading test data from Excel. File: src/test/resources/testdata/RegisterData.xlsx, Sheet: Register, TestCase: TC_REGISTER_001
2026-05-13 15:20:43 INFO  core.utils.ExcelReader - Reading test data from Excel. File: src/test/resources/testdata/RegisterData.xlsx, Sheet: Register, TestCase: TC_REGISTER_006
2026-05-13 15:20:43 INFO  core.utils.ExcelReader - Test data loaded successfully for: TC_REGISTER_001
2026-05-13 15:20:43 INFO  core.utils.ExcelReader - Test data loaded successfully for: TC_REGISTER_006
2026-05-13 15:20:44 INFO  core.utils.ExcelReader - Reading test data from Excel. File: src/test/resources/testdata/RegisterData.xlsx, Sheet: Register, TestCase: TC_REGISTER_003
2026-05-13 15:20:44 INFO  core.utils.ExcelReader - Reading test data from Excel. File: src/test/resources/testdata/RegisterData.xlsx, Sheet: Register, TestCase: TC_REGISTER_007
2026-05-13 15:20:44 INFO  core.utils.ExcelReader - Test data loaded successfully for: TC_REGISTER_003
2026-05-13 15:20:44 INFO  core.utils.ExcelReader - Test data loaded successfully for: TC_REGISTER_007
2026-05-13 15:20:44 INFO  core.utils.ExcelReader - Reading test data from Excel. File: src/test/resources/testdata/RegisterData.xlsx, Sheet: Register, TestCase: TC_REGISTER_009
2026-05-13 15:20:44 INFO  core.utils.ExcelReader - Test data loaded successfully for: TC_REGISTER_009
2026-05-13 15:20:45 INFO  core.utils.ExcelReader - Reading test data from Excel. File: src/test/resources/testdata/RegisterData.xlsx, Sheet: Register, TestCase: TC_REGISTER_008
2026-05-13 15:20:45 INFO  core.utils.ExcelReader - Reading test data from Excel. File: src/test/resources/testdata/RegisterData.xlsx, Sheet: Register, TestCase: TC_REGISTER_005
2026-05-13 15:20:45 INFO  core.utils.ExcelReader - Test data loaded successfully for: TC_REGISTER_008
2026-05-13 15:20:45 INFO  core.utils.ExcelReader - Test data loaded successfully for: TC_REGISTER_005
2026-05-13 15:20:48 INFO  core.driver.DriverFactory - Driver closed successfully
2026-05-13 15:20:48 INFO  core.driver.DriverFactory - Driver closed successfully
2026-05-13 15:20:48 INFO  core.driver.DriverFactory - Driver closed successfully
2026-05-13 15:20:48 INFO  core.hooks.Hooks - Finished Scenario: Register validation tests
2026-05-13 15:20:48 INFO  core.driver.DriverFactory - Driver closed successfully
2026-05-13 15:20:48 INFO  core.hooks.Hooks - Finished Scenario: Register validation tests
2026-05-13 15:20:48 INFO  core.hooks.Hooks - Finished Scenario: Register validation tests
2026-05-13 15:20:48 INFO  core.hooks.Hooks - Finished Scenario: Register validation tests
2026-05-13 15:20:48 INFO  core.driver.DriverFactory - Driver closed successfully
2026-05-13 15:20:48 INFO  core.hooks.Hooks - Finished Scenario: Register validation tests
2026-05-13 15:20:48 INFO  core.driver.DriverFactory - Initializing browser: chrome
2026-05-13 15:20:48 INFO  core.driver.DriverFactory - Headless mode: false
2026-05-13 15:20:48 INFO  core.driver.DriverFactory - Healenium enabled: false
2026-05-13 15:20:53 INFO  core.driver.DriverFactory - Browser initialized successfully
2026-05-13 15:20:53 INFO  core.hooks.Hooks - Starting Scenario: Register validation tests
2026-05-13 15:20:55 INFO  core.utils.ExcelReader - Reading test data from Excel. File: src/test/resources/testdata/RegisterData.xlsx, Sheet: Register, TestCase: TC_REGISTER_011
2026-05-13 15:20:55 INFO  core.utils.ExcelReader - Test data loaded successfully for: TC_REGISTER_011
2026-05-13 15:20:57 INFO  core.driver.DriverFactory - Driver closed successfully
2026-05-13 15:20:57 INFO  core.hooks.Hooks - Finished Scenario: Register validation tests
2026-05-13 15:20:57 INFO  core.driver.DriverFactory - Driver closed successfully
2026-05-13 15:20:57 INFO  core.hooks.Hooks - Finished Scenario: Register validation tests
2026-05-13 15:20:57 INFO  core.driver.DriverFactory - Driver closed successfully
2026-05-13 15:20:57 INFO  core.hooks.Hooks - Finished Scenario: Register validation tests
2026-05-13 15:20:58 INFO  core.driver.DriverFactory - Driver closed successfully
2026-05-13 15:20:58 INFO  core.hooks.Hooks - Finished Scenario: Register validation tests
2026-05-13 15:20:58 INFO  core.driver.DriverFactory - Driver closed successfully
2026-05-13 15:20:58 INFO  core.hooks.Hooks - Finished Scenario: Register validation tests
2026-05-13 15:20:59 INFO  core.utils.ExcelReader - Reading test data from Excel. File: src/test/resources/testdata/RegisterData.xlsx, Sheet: Register, TestCase: TC_REGISTER_011
2026-05-13 15:20:59 INFO  core.utils.ExcelReader - Test data loaded successfully for: TC_REGISTER_011
2026-05-13 15:21:10 INFO  core.driver.DriverFactory - Driver closed successfully
2026-05-13 15:21:10 INFO  core.hooks.Hooks - Finished Scenario: Register validation tests
2026-05-13 15:49:31 INFO  core.driver.DriverFactory - Initializing browser: chrome
2026-05-13 15:49:31 INFO  core.driver.DriverFactory - Initializing browser: chrome
2026-05-13 15:49:31 INFO  core.driver.DriverFactory - Initializing browser: chrome
2026-05-13 15:49:31 INFO  core.driver.DriverFactory - Initializing browser: chrome
2026-05-13 15:49:31 INFO  core.driver.DriverFactory - Headless mode: false
2026-05-13 15:49:31 INFO  core.driver.DriverFactory - Headless mode: false
2026-05-13 15:49:31 INFO  core.driver.DriverFactory - Initializing browser: chrome
2026-05-13 15:49:31 INFO  core.driver.DriverFactory - Healenium enabled: false
2026-05-13 15:49:31 INFO  core.driver.DriverFactory - Initializing browser: chrome
2026-05-13 15:49:31 INFO  core.driver.DriverFactory - Initializing browser: chrome
2026-05-13 15:49:31 INFO  core.driver.DriverFactory - Healenium enabled: false
2026-05-13 15:49:31 INFO  core.driver.DriverFactory - Headless mode: false
2026-05-13 15:49:31 INFO  core.driver.DriverFactory - Initializing browser: chrome
2026-05-13 15:49:31 INFO  core.driver.DriverFactory - Headless mode: false
2026-05-13 15:49:31 INFO  core.driver.DriverFactory - Initializing browser: chrome
2026-05-13 15:49:31 INFO  core.driver.DriverFactory - Headless mode: false
2026-05-13 15:49:31 INFO  core.driver.DriverFactory - Initializing browser: chrome
2026-05-13 15:49:31 INFO  core.driver.DriverFactory - Healenium enabled: false
2026-05-13 15:49:31 INFO  core.driver.DriverFactory - Healenium enabled: false
2026-05-13 15:49:31 INFO  core.driver.DriverFactory - Headless mode: false
2026-05-13 15:49:31 INFO  core.driver.DriverFactory - Headless mode: false
2026-05-13 15:49:31 INFO  core.driver.DriverFactory - Healenium enabled: false
2026-05-13 15:49:31 INFO  core.driver.DriverFactory - Headless mode: false
2026-05-13 15:49:31 INFO  core.driver.DriverFactory - Healenium enabled: false
2026-05-13 15:49:31 INFO  core.driver.DriverFactory - Headless mode: false
2026-05-13 15:49:31 INFO  core.driver.DriverFactory - Headless mode: false
2026-05-13 15:49:31 INFO  core.driver.DriverFactory - Healenium enabled: false
2026-05-13 15:49:31 INFO  core.driver.DriverFactory - Healenium enabled: false
2026-05-13 15:49:31 INFO  core.driver.DriverFactory - Healenium enabled: false
2026-05-13 15:49:31 INFO  core.driver.DriverFactory - Healenium enabled: false
2026-05-13 15:49:39 INFO  core.driver.DriverFactory - Browser initialized successfully
2026-05-13 15:49:39 INFO  core.hooks.Hooks - Starting Scenario: Register validation tests
2026-05-13 15:49:40 INFO  core.driver.DriverFactory - Browser initialized successfully
2026-05-13 15:49:40 INFO  core.hooks.Hooks - Starting Scenario: Register validation tests
2026-05-13 15:49:40 INFO  core.driver.DriverFactory - Browser initialized successfully
2026-05-13 15:49:40 INFO  core.driver.DriverFactory - Browser initialized successfully
2026-05-13 15:49:40 INFO  core.driver.DriverFactory - Browser initialized successfully
2026-05-13 15:49:40 INFO  core.hooks.Hooks - Starting Scenario: Register validation tests
2026-05-13 15:49:40 INFO  core.hooks.Hooks - Starting Scenario: Register validation tests
2026-05-13 15:49:40 INFO  core.hooks.Hooks - Starting Scenario: Register validation tests
2026-05-13 15:49:40 INFO  core.driver.DriverFactory - Browser initialized successfully
2026-05-13 15:49:40 INFO  core.hooks.Hooks - Starting Scenario: Register validation tests
2026-05-13 15:49:40 INFO  core.driver.DriverFactory - Browser initialized successfully
2026-05-13 15:49:40 INFO  core.hooks.Hooks - Starting Scenario: Register validation tests
2026-05-13 15:49:40 INFO  core.driver.DriverFactory - Browser initialized successfully
2026-05-13 15:49:40 INFO  core.hooks.Hooks - Starting Scenario: Register validation tests
2026-05-13 15:49:40 INFO  core.driver.DriverFactory - Browser initialized successfully
2026-05-13 15:49:40 INFO  core.driver.DriverFactory - Browser initialized successfully
2026-05-13 15:49:40 INFO  core.hooks.Hooks - Starting Scenario: Register validation tests
2026-05-13 15:49:40 INFO  core.hooks.Hooks - Starting Scenario: Register validation tests
2026-05-13 15:49:41 INFO  core.utils.ExcelReader - Reading test data from Excel. File: src/test/resources/testdata/RegisterData.xlsx, Sheet: Register, TestCase: TC_REGISTER_006
2026-05-13 15:49:42 INFO  core.utils.ExcelReader - Reading test data from Excel. File: src/test/resources/testdata/RegisterData.xlsx, Sheet: Register, TestCase: TC_REGISTER_009
2026-05-13 15:49:42 INFO  core.utils.ExcelReader - Reading test data from Excel. File: src/test/resources/testdata/RegisterData.xlsx, Sheet: Register, TestCase: TC_REGISTER_010
2026-05-13 15:49:42 INFO  core.utils.ExcelReader - Reading test data from Excel. File: src/test/resources/testdata/RegisterData.xlsx, Sheet: Register, TestCase: TC_REGISTER_007
2026-05-13 15:49:42 INFO  core.utils.ExcelReader - Reading test data from Excel. File: src/test/resources/testdata/RegisterData.xlsx, Sheet: Register, TestCase: TC_REGISTER_005
2026-05-13 15:49:43 INFO  core.utils.ExcelReader - Test data loaded successfully for: TC_REGISTER_010
2026-05-13 15:49:43 INFO  core.utils.ExcelReader - Test data loaded successfully for: TC_REGISTER_005
2026-05-13 15:49:43 INFO  core.utils.ExcelReader - Test data loaded successfully for: TC_REGISTER_006
2026-05-13 15:49:43 INFO  core.utils.ExcelReader - Test data loaded successfully for: TC_REGISTER_009
2026-05-13 15:49:43 INFO  core.utils.ExcelReader - Test data loaded successfully for: TC_REGISTER_007
2026-05-13 15:49:43 INFO  core.utils.ExcelReader - Reading test data from Excel. File: src/test/resources/testdata/RegisterData.xlsx, Sheet: Register, TestCase: TC_REGISTER_004
2026-05-13 15:49:43 INFO  core.utils.ExcelReader - Test data loaded successfully for: TC_REGISTER_004
2026-05-13 15:49:43 INFO  core.utils.ExcelReader - Reading test data from Excel. File: src/test/resources/testdata/RegisterData.xlsx, Sheet: Register, TestCase: TC_REGISTER_002
2026-05-13 15:49:43 INFO  core.utils.ExcelReader - Reading test data from Excel. File: src/test/resources/testdata/RegisterData.xlsx, Sheet: Register, TestCase: TC_REGISTER_001
2026-05-13 15:49:43 INFO  core.utils.ExcelReader - Test data loaded successfully for: TC_REGISTER_002
2026-05-13 15:49:43 INFO  core.utils.ExcelReader - Test data loaded successfully for: TC_REGISTER_001
2026-05-13 15:49:44 INFO  core.utils.ExcelReader - Reading test data from Excel. File: src/test/resources/testdata/RegisterData.xlsx, Sheet: Register, TestCase: TC_REGISTER_003
2026-05-13 15:49:44 INFO  core.utils.ExcelReader - Test data loaded successfully for: TC_REGISTER_003
2026-05-13 15:49:44 INFO  core.utils.ExcelReader - Reading test data from Excel. File: src/test/resources/testdata/RegisterData.xlsx, Sheet: Register, TestCase: TC_REGISTER_008
2026-05-13 15:49:44 INFO  core.utils.ExcelReader - Test data loaded successfully for: TC_REGISTER_008
2026-05-13 15:49:49 INFO  core.utils.ExcelReader - Reading test data from Excel. File: src/test/resources/testdata/RegisterData.xlsx, Sheet: Register, TestCase: TC_REGISTER_005
2026-05-13 15:49:49 INFO  core.utils.ExcelReader - Test data loaded successfully for: TC_REGISTER_005
2026-05-13 15:49:50 INFO  core.utils.ExcelReader - Reading test data from Excel. File: src/test/resources/testdata/RegisterData.xlsx, Sheet: Register, TestCase: TC_REGISTER_010
2026-05-13 15:49:50 INFO  core.utils.ExcelReader - Test data loaded successfully for: TC_REGISTER_010
2026-05-13 15:49:50 INFO  core.utils.ExcelReader - Reading test data from Excel. File: src/test/resources/testdata/RegisterData.xlsx, Sheet: Register, TestCase: TC_REGISTER_001
2026-05-13 15:49:50 INFO  core.utils.ExcelReader - Test data loaded successfully for: TC_REGISTER_001
2026-05-13 15:49:50 INFO  core.utils.ExcelReader - Reading test data from Excel. File: src/test/resources/testdata/RegisterData.xlsx, Sheet: Register, TestCase: TC_REGISTER_003
2026-05-13 15:49:50 INFO  core.utils.ExcelReader - Test data loaded successfully for: TC_REGISTER_003
2026-05-13 15:49:50 INFO  core.utils.ExcelReader - Reading test data from Excel. File: src/test/resources/testdata/RegisterData.xlsx, Sheet: Register, TestCase: TC_REGISTER_006
2026-05-13 15:49:50 INFO  core.utils.ExcelReader - Reading test data from Excel. File: src/test/resources/testdata/RegisterData.xlsx, Sheet: Register, TestCase: TC_REGISTER_002
2026-05-13 15:49:50 INFO  core.utils.ExcelReader - Reading test data from Excel. File: src/test/resources/testdata/RegisterData.xlsx, Sheet: Register, TestCase: TC_REGISTER_007
2026-05-13 15:49:50 INFO  core.utils.ExcelReader - Test data loaded successfully for: TC_REGISTER_006
2026-05-13 15:49:50 INFO  core.utils.ExcelReader - Test data loaded successfully for: TC_REGISTER_007
2026-05-13 15:49:50 INFO  core.utils.ExcelReader - Reading test data from Excel. File: src/test/resources/testdata/RegisterData.xlsx, Sheet: Register, TestCase: TC_REGISTER_009
2026-05-13 15:49:50 INFO  core.utils.ExcelReader - Test data loaded successfully for: TC_REGISTER_002
2026-05-13 15:49:50 INFO  core.utils.ExcelReader - Test data loaded successfully for: TC_REGISTER_009
2026-05-13 15:49:51 INFO  core.utils.ExcelReader - Reading test data from Excel. File: src/test/resources/testdata/RegisterData.xlsx, Sheet: Register, TestCase: TC_REGISTER_008
2026-05-13 15:49:51 INFO  core.utils.ExcelReader - Test data loaded successfully for: TC_REGISTER_008
2026-05-13 15:49:51 INFO  core.utils.ExcelReader - Reading test data from Excel. File: src/test/resources/testdata/RegisterData.xlsx, Sheet: Register, TestCase: TC_REGISTER_004
2026-05-13 15:49:51 INFO  core.utils.ExcelReader - Test data loaded successfully for: TC_REGISTER_004
2026-05-13 15:49:53 INFO  core.driver.DriverFactory - Driver closed successfully
2026-05-13 15:49:53 INFO  core.hooks.Hooks - Finished Scenario: Register validation tests
2026-05-13 15:49:53 INFO  core.driver.DriverFactory - Initializing browser: chrome
2026-05-13 15:49:53 INFO  core.driver.DriverFactory - Headless mode: false
2026-05-13 15:49:53 INFO  core.driver.DriverFactory - Healenium enabled: false
2026-05-13 15:49:54 INFO  core.driver.DriverFactory - Driver closed successfully
2026-05-13 15:49:54 INFO  core.hooks.Hooks - Finished Scenario: Register validation tests
2026-05-13 15:49:54 INFO  core.driver.DriverFactory - Driver closed successfully
2026-05-13 15:49:54 INFO  core.hooks.Hooks - Finished Scenario: Register validation tests
2026-05-13 15:49:54 INFO  core.driver.DriverFactory - Driver closed successfully
2026-05-13 15:49:54 INFO  core.hooks.Hooks - Finished Scenario: Register validation tests
2026-05-13 15:49:54 INFO  core.driver.DriverFactory - Driver closed successfully
2026-05-13 15:49:54 INFO  core.hooks.Hooks - Finished Scenario: Register validation tests
2026-05-13 15:49:58 INFO  core.driver.DriverFactory - Browser initialized successfully
2026-05-13 15:49:58 INFO  core.hooks.Hooks - Starting Scenario: Register validation tests
2026-05-13 15:49:59 INFO  core.utils.ExcelReader - Reading test data from Excel. File: src/test/resources/testdata/RegisterData.xlsx, Sheet: Register, TestCase: TC_REGISTER_011
2026-05-13 15:49:59 INFO  core.utils.ExcelReader - Test data loaded successfully for: TC_REGISTER_011
2026-05-13 15:50:01 INFO  core.driver.DriverFactory - Driver closed successfully
2026-05-13 15:50:01 INFO  core.hooks.Hooks - Finished Scenario: Register validation tests
2026-05-13 15:50:01 INFO  core.driver.DriverFactory - Driver closed successfully
2026-05-13 15:50:01 INFO  core.hooks.Hooks - Finished Scenario: Register validation tests
2026-05-13 15:50:01 INFO  core.driver.DriverFactory - Driver closed successfully
2026-05-13 15:50:01 INFO  core.hooks.Hooks - Finished Scenario: Register validation tests
2026-05-13 15:50:02 INFO  core.utils.ExcelReader - Reading test data from Excel. File: src/test/resources/testdata/RegisterData.xlsx, Sheet: Register, TestCase: TC_REGISTER_011
2026-05-13 15:50:02 INFO  core.utils.ExcelReader - Test data loaded successfully for: TC_REGISTER_011
2026-05-13 15:50:02 INFO  core.driver.DriverFactory - Driver closed successfully
2026-05-13 15:50:02 INFO  core.hooks.Hooks - Finished Scenario: Register validation tests
2026-05-13 15:50:02 INFO  core.driver.DriverFactory - Driver closed successfully
2026-05-13 15:50:02 INFO  core.hooks.Hooks - Finished Scenario: Register validation tests
2026-05-13 15:50:12 INFO  core.driver.DriverFactory - Driver closed successfully
2026-05-13 15:50:12 INFO  core.hooks.Hooks - Finished Scenario: Register validation tests
2026-05-13 16:02:23 INFO  core.driver.DriverFactory - Initializing browser: chrome
2026-05-13 16:02:23 INFO  core.driver.DriverFactory - Initializing browser: chrome
2026-05-13 16:02:23 INFO  core.driver.DriverFactory - Initializing browser: chrome
2026-05-13 16:02:23 INFO  core.driver.DriverFactory - Initializing browser: chrome
2026-05-13 16:02:23 INFO  core.driver.DriverFactory - Initializing browser: chrome
2026-05-13 16:02:23 INFO  core.driver.DriverFactory - Headless mode: false
2026-05-13 16:02:23 INFO  core.driver.DriverFactory - Initializing browser: chrome
2026-05-13 16:02:23 INFO  core.driver.DriverFactory - Initializing browser: chrome
2026-05-13 16:02:23 INFO  core.driver.DriverFactory - Initializing browser: chrome
2026-05-13 16:02:23 INFO  core.driver.DriverFactory - Headless mode: false
2026-05-13 16:02:23 INFO  core.driver.DriverFactory - Headless mode: false
2026-05-13 16:02:23 INFO  core.driver.DriverFactory - Initializing browser: chrome
2026-05-13 16:02:23 INFO  core.driver.DriverFactory - Headless mode: false
2026-05-13 16:02:23 INFO  core.driver.DriverFactory - Headless mode: false
2026-05-13 16:02:23 INFO  core.driver.DriverFactory - Healenium enabled: false
2026-05-13 16:02:23 INFO  core.driver.DriverFactory - Initializing browser: chrome
2026-05-13 16:02:23 INFO  core.driver.DriverFactory - Headless mode: false
2026-05-13 16:02:23 INFO  core.driver.DriverFactory - Healenium enabled: false
2026-05-13 16:02:23 INFO  core.driver.DriverFactory - Headless mode: false
2026-05-13 16:02:23 INFO  core.driver.DriverFactory - Healenium enabled: false
2026-05-13 16:02:23 INFO  core.driver.DriverFactory - Healenium enabled: false
2026-05-13 16:02:23 INFO  core.driver.DriverFactory - Healenium enabled: false
2026-05-13 16:02:23 INFO  core.driver.DriverFactory - Healenium enabled: false
2026-05-13 16:02:23 INFO  core.driver.DriverFactory - Headless mode: false
2026-05-13 16:02:23 INFO  core.driver.DriverFactory - Healenium enabled: false
2026-05-13 16:02:23 INFO  core.driver.DriverFactory - Headless mode: false
2026-05-13 16:02:23 INFO  core.driver.DriverFactory - Healenium enabled: false
2026-05-13 16:02:23 INFO  core.driver.DriverFactory - Headless mode: false
2026-05-13 16:02:23 INFO  core.driver.DriverFactory - Healenium enabled: false
2026-05-13 16:02:23 INFO  core.driver.DriverFactory - Healenium enabled: false
2026-05-13 16:02:33 INFO  core.driver.DriverFactory - Browser initialized successfully
2026-05-13 16:02:33 INFO  core.hooks.Hooks - Starting Scenario: Register validation tests
2026-05-13 16:02:33 INFO  core.driver.DriverFactory - Browser initialized successfully
2026-05-13 16:02:33 INFO  core.hooks.Hooks - Starting Scenario: Register validation tests
2026-05-13 16:02:33 INFO  core.driver.DriverFactory - Browser initialized successfully
2026-05-13 16:02:33 INFO  core.hooks.Hooks - Starting Scenario: Register validation tests
2026-05-13 16:02:34 INFO  core.driver.DriverFactory - Browser initialized successfully
2026-05-13 16:02:34 INFO  core.hooks.Hooks - Starting Scenario: Register validation tests
2026-05-13 16:02:34 INFO  core.driver.DriverFactory - Browser initialized successfully
2026-05-13 16:02:34 INFO  core.hooks.Hooks - Starting Scenario: Register validation tests
2026-05-13 16:02:34 INFO  core.driver.DriverFactory - Browser initialized successfully
2026-05-13 16:02:34 INFO  core.hooks.Hooks - Starting Scenario: Register validation tests
2026-05-13 16:02:34 INFO  core.driver.DriverFactory - Browser initialized successfully
2026-05-13 16:02:34 INFO  core.hooks.Hooks - Starting Scenario: Register validation tests
2026-05-13 16:02:34 INFO  core.driver.DriverFactory - Browser initialized successfully
2026-05-13 16:02:34 INFO  core.hooks.Hooks - Starting Scenario: Register validation tests
2026-05-13 16:02:34 INFO  core.driver.DriverFactory - Browser initialized successfully
2026-05-13 16:02:34 INFO  core.hooks.Hooks - Starting Scenario: Register validation tests
2026-05-13 16:02:34 INFO  core.utils.ExcelReader - Reading test data from Excel. File: src/test/resources/testdata/RegisterData.xlsx, Sheet: Register, TestCase: TC_REGISTER_004
2026-05-13 16:02:34 INFO  core.utils.ExcelReader - Reading test data from Excel. File: src/test/resources/testdata/RegisterData.xlsx, Sheet: Register, TestCase: TC_REGISTER_009
2026-05-13 16:02:34 INFO  core.utils.ExcelReader - Reading test data from Excel. File: src/test/resources/testdata/RegisterData.xlsx, Sheet: Register, TestCase: TC_REGISTER_006
2026-05-13 16:02:34 INFO  core.driver.DriverFactory - Browser initialized successfully
2026-05-13 16:02:34 INFO  core.hooks.Hooks - Starting Scenario: Register validation tests
2026-05-13 16:02:35 INFO  core.utils.ExcelReader - Test data loaded successfully for: TC_REGISTER_006
2026-05-13 16:02:35 INFO  core.utils.ExcelReader - Test data loaded successfully for: TC_REGISTER_009
2026-05-13 16:02:35 INFO  core.utils.ExcelReader - Test data loaded successfully for: TC_REGISTER_004
2026-05-13 16:02:36 INFO  core.utils.ExcelReader - Reading test data from Excel. File: src/test/resources/testdata/RegisterData.xlsx, Sheet: Register, TestCase: TC_REGISTER_001
2026-05-13 16:02:36 INFO  core.utils.ExcelReader - Reading test data from Excel. File: src/test/resources/testdata/RegisterData.xlsx, Sheet: Register, TestCase: TC_REGISTER_010
2026-05-13 16:02:36 INFO  core.utils.ExcelReader - Test data loaded successfully for: TC_REGISTER_001
2026-05-13 16:02:36 INFO  core.utils.ExcelReader - Test data loaded successfully for: TC_REGISTER_010
2026-05-13 16:02:37 INFO  core.utils.ExcelReader - Reading test data from Excel. File: src/test/resources/testdata/RegisterData.xlsx, Sheet: Register, TestCase: TC_REGISTER_002
2026-05-13 16:02:37 INFO  core.utils.ExcelReader - Reading test data from Excel. File: src/test/resources/testdata/RegisterData.xlsx, Sheet: Register, TestCase: TC_REGISTER_003
2026-05-13 16:02:37 INFO  core.utils.ExcelReader - Test data loaded successfully for: TC_REGISTER_002
2026-05-13 16:02:37 INFO  core.utils.ExcelReader - Test data loaded successfully for: TC_REGISTER_003
2026-05-13 16:02:37 INFO  core.utils.ExcelReader - Reading test data from Excel. File: src/test/resources/testdata/RegisterData.xlsx, Sheet: Register, TestCase: TC_REGISTER_005
2026-05-13 16:02:37 INFO  core.utils.ExcelReader - Test data loaded successfully for: TC_REGISTER_005
2026-05-13 16:02:38 INFO  core.utils.ExcelReader - Reading test data from Excel. File: src/test/resources/testdata/RegisterData.xlsx, Sheet: Register, TestCase: TC_REGISTER_007
2026-05-13 16:02:38 INFO  core.utils.ExcelReader - Test data loaded successfully for: TC_REGISTER_007
2026-05-13 16:02:39 INFO  core.utils.ExcelReader - Reading test data from Excel. File: src/test/resources/testdata/RegisterData.xlsx, Sheet: Register, TestCase: TC_REGISTER_008
2026-05-13 16:02:39 INFO  core.utils.ExcelReader - Test data loaded successfully for: TC_REGISTER_008
2026-05-13 16:02:43 INFO  core.utils.ExcelReader - Reading test data from Excel. File: src/test/resources/testdata/RegisterData.xlsx, Sheet: Register, TestCase: TC_REGISTER_005
2026-05-13 16:02:43 INFO  core.utils.ExcelReader - Test data loaded successfully for: TC_REGISTER_005
2026-05-13 16:02:44 INFO  core.utils.ExcelReader - Reading test data from Excel. File: src/test/resources/testdata/RegisterData.xlsx, Sheet: Register, TestCase: TC_REGISTER_006
2026-05-13 16:02:44 INFO  core.utils.ExcelReader - Reading test data from Excel. File: src/test/resources/testdata/RegisterData.xlsx, Sheet: Register, TestCase: TC_REGISTER_010
2026-05-13 16:02:44 INFO  core.utils.ExcelReader - Test data loaded successfully for: TC_REGISTER_006
2026-05-13 16:02:44 INFO  core.utils.ExcelReader - Test data loaded successfully for: TC_REGISTER_010
2026-05-13 16:02:44 INFO  core.utils.ExcelReader - Reading test data from Excel. File: src/test/resources/testdata/RegisterData.xlsx, Sheet: Register, TestCase: TC_REGISTER_009
2026-05-13 16:02:44 INFO  core.utils.ExcelReader - Test data loaded successfully for: TC_REGISTER_009
2026-05-13 16:02:44 INFO  core.utils.ExcelReader - Reading test data from Excel. File: src/test/resources/testdata/RegisterData.xlsx, Sheet: Register, TestCase: TC_REGISTER_007
2026-05-13 16:02:44 INFO  core.utils.ExcelReader - Test data loaded successfully for: TC_REGISTER_007
2026-05-13 16:02:44 INFO  core.utils.ExcelReader - Reading test data from Excel. File: src/test/resources/testdata/RegisterData.xlsx, Sheet: Register, TestCase: TC_REGISTER_001
2026-05-13 16:02:44 INFO  core.utils.ExcelReader - Test data loaded successfully for: TC_REGISTER_001
2026-05-13 16:02:44 INFO  core.utils.ExcelReader - Reading test data from Excel. File: src/test/resources/testdata/RegisterData.xlsx, Sheet: Register, TestCase: TC_REGISTER_002
2026-05-13 16:02:44 INFO  core.utils.ExcelReader - Test data loaded successfully for: TC_REGISTER_002
2026-05-13 16:02:45 INFO  core.utils.ExcelReader - Reading test data from Excel. File: src/test/resources/testdata/RegisterData.xlsx, Sheet: Register, TestCase: TC_REGISTER_003
2026-05-13 16:02:45 INFO  core.utils.ExcelReader - Test data loaded successfully for: TC_REGISTER_003
2026-05-13 16:02:45 INFO  core.utils.ExcelReader - Reading test data from Excel. File: src/test/resources/testdata/RegisterData.xlsx, Sheet: Register, TestCase: TC_REGISTER_004
2026-05-13 16:02:45 INFO  core.utils.ExcelReader - Test data loaded successfully for: TC_REGISTER_004
2026-05-13 16:02:45 INFO  core.utils.ExcelReader - Reading test data from Excel. File: src/test/resources/testdata/RegisterData.xlsx, Sheet: Register, TestCase: TC_REGISTER_008
2026-05-13 16:02:46 INFO  core.utils.ExcelReader - Test data loaded successfully for: TC_REGISTER_008
2026-05-13 16:02:48 INFO  core.driver.DriverFactory - Driver closed successfully
2026-05-13 16:02:48 INFO  core.hooks.Hooks - Finished Scenario: Register validation tests
2026-05-13 16:02:48 INFO  core.driver.DriverFactory - Initializing browser: chrome
2026-05-13 16:02:48 INFO  core.driver.DriverFactory - Headless mode: false
2026-05-13 16:02:48 INFO  core.driver.DriverFactory - Healenium enabled: false
2026-05-13 16:02:48 INFO  core.driver.DriverFactory - Driver closed successfully
2026-05-13 16:02:48 INFO  core.hooks.Hooks - Finished Scenario: Register validation tests
2026-05-13 16:02:48 INFO  core.driver.DriverFactory - Driver closed successfully
2026-05-13 16:02:48 INFO  core.hooks.Hooks - Finished Scenario: Register validation tests
2026-05-13 16:02:48 INFO  core.driver.DriverFactory - Driver closed successfully
2026-05-13 16:02:48 INFO  core.hooks.Hooks - Finished Scenario: Register validation tests
2026-05-13 16:02:50 INFO  core.driver.DriverFactory - Driver closed successfully
2026-05-13 16:02:50 INFO  core.hooks.Hooks - Finished Scenario: Register validation tests
2026-05-13 16:02:52 INFO  core.driver.DriverFactory - Browser initialized successfully
2026-05-13 16:02:52 INFO  core.hooks.Hooks - Starting Scenario: Register validation tests
2026-05-13 16:02:54 INFO  core.utils.ExcelReader - Reading test data from Excel. File: src/test/resources/testdata/RegisterData.xlsx, Sheet: Register, TestCase: TC_REGISTER_011
2026-05-13 16:02:54 INFO  core.utils.ExcelReader - Test data loaded successfully for: TC_REGISTER_011
2026-05-13 16:02:55 INFO  core.driver.DriverFactory - Driver closed successfully
2026-05-13 16:02:55 INFO  core.hooks.Hooks - Finished Scenario: Register validation tests
2026-05-13 16:02:55 INFO  core.driver.DriverFactory - Driver closed successfully
2026-05-13 16:02:55 INFO  core.hooks.Hooks - Finished Scenario: Register validation tests
2026-05-13 16:02:56 INFO  core.driver.DriverFactory - Driver closed successfully
2026-05-13 16:02:56 INFO  core.hooks.Hooks - Finished Scenario: Register validation tests
2026-05-13 16:02:57 INFO  core.utils.ExcelReader - Reading test data from Excel. File: src/test/resources/testdata/RegisterData.xlsx, Sheet: Register, TestCase: TC_REGISTER_011
2026-05-13 16:02:57 INFO  core.utils.ExcelReader - Test data loaded successfully for: TC_REGISTER_011
2026-05-13 16:02:57 INFO  core.driver.DriverFactory - Driver closed successfully
2026-05-13 16:02:57 INFO  core.hooks.Hooks - Finished Scenario: Register validation tests
2026-05-13 16:02:57 INFO  core.driver.DriverFactory - Driver closed successfully
2026-05-13 16:02:57 INFO  core.hooks.Hooks - Finished Scenario: Register validation tests
2026-05-13 16:03:07 INFO  core.driver.DriverFactory - Driver closed successfully
2026-05-13 16:03:07 INFO  core.hooks.Hooks - Finished Scenario: Register validation tests
2026-05-13 16:06:54 INFO  core.driver.DriverFactory - Initializing browser: chrome
2026-05-13 16:06:54 INFO  core.driver.DriverFactory - Initializing browser: chrome
2026-05-13 16:06:54 INFO  core.driver.DriverFactory - Initializing browser: chrome
2026-05-13 16:06:54 INFO  core.driver.DriverFactory - Initializing browser: chrome
2026-05-13 16:06:54 INFO  core.driver.DriverFactory - Initializing browser: chrome
2026-05-13 16:06:54 INFO  core.driver.DriverFactory - Initializing browser: chrome
2026-05-13 16:06:54 INFO  core.driver.DriverFactory - Initializing browser: chrome
2026-05-13 16:06:54 INFO  core.driver.DriverFactory - Initializing browser: chrome
2026-05-13 16:06:54 INFO  core.driver.DriverFactory - Headless mode: false
2026-05-13 16:06:54 INFO  core.driver.DriverFactory - Headless mode: false
2026-05-13 16:06:54 INFO  core.driver.DriverFactory - Headless mode: false
2026-05-13 16:06:54 INFO  core.driver.DriverFactory - Headless mode: false
2026-05-13 16:06:54 INFO  core.driver.DriverFactory - Healenium enabled: false
2026-05-13 16:06:54 INFO  core.driver.DriverFactory - Headless mode: false
2026-05-13 16:06:54 INFO  core.driver.DriverFactory - Healenium enabled: false
2026-05-13 16:06:54 INFO  core.driver.DriverFactory - Headless mode: false
2026-05-13 16:06:54 INFO  core.driver.DriverFactory - Initializing browser: chrome
2026-05-13 16:06:54 INFO  core.driver.DriverFactory - Initializing browser: chrome
2026-05-13 16:06:54 INFO  core.driver.DriverFactory - Healenium enabled: false
2026-05-13 16:06:54 INFO  core.driver.DriverFactory - Headless mode: false
2026-05-13 16:06:54 INFO  core.driver.DriverFactory - Healenium enabled: false
2026-05-13 16:06:54 INFO  core.driver.DriverFactory - Headless mode: false
2026-05-13 16:06:54 INFO  core.driver.DriverFactory - Healenium enabled: false
2026-05-13 16:06:54 INFO  core.driver.DriverFactory - Headless mode: false
2026-05-13 16:06:54 INFO  core.driver.DriverFactory - Headless mode: false
2026-05-13 16:06:54 INFO  core.driver.DriverFactory - Healenium enabled: false
2026-05-13 16:06:54 INFO  core.driver.DriverFactory - Healenium enabled: false
2026-05-13 16:06:54 INFO  core.driver.DriverFactory - Healenium enabled: false
2026-05-13 16:06:54 INFO  core.driver.DriverFactory - Healenium enabled: false
2026-05-13 16:06:54 INFO  core.driver.DriverFactory - Healenium enabled: false
2026-05-13 16:07:05 INFO  core.driver.DriverFactory - Browser initialized successfully
2026-05-13 16:07:05 INFO  core.hooks.Hooks - Starting Scenario: Register validation tests
2026-05-13 16:07:05 INFO  core.driver.DriverFactory - Browser initialized successfully
2026-05-13 16:07:05 INFO  core.hooks.Hooks - Starting Scenario: Register validation tests
2026-05-13 16:07:05 INFO  core.driver.DriverFactory - Browser initialized successfully
2026-05-13 16:07:05 INFO  core.hooks.Hooks - Starting Scenario: Register validation tests
2026-05-13 16:07:06 INFO  core.driver.DriverFactory - Browser initialized successfully
2026-05-13 16:07:06 INFO  core.hooks.Hooks - Starting Scenario: Register validation tests
2026-05-13 16:07:06 INFO  core.driver.DriverFactory - Browser initialized successfully
2026-05-13 16:07:06 INFO  core.hooks.Hooks - Starting Scenario: Register validation tests
2026-05-13 16:07:06 INFO  core.driver.DriverFactory - Browser initialized successfully
2026-05-13 16:07:06 INFO  core.hooks.Hooks - Starting Scenario: Register validation tests
2026-05-13 16:07:06 INFO  core.driver.DriverFactory - Browser initialized successfully
2026-05-13 16:07:06 INFO  core.hooks.Hooks - Starting Scenario: Register validation tests
2026-05-13 16:07:06 INFO  core.driver.DriverFactory - Browser initialized successfully
2026-05-13 16:07:06 INFO  core.hooks.Hooks - Starting Scenario: Register validation tests
2026-05-13 16:07:06 INFO  core.driver.DriverFactory - Browser initialized successfully
2026-05-13 16:07:06 INFO  core.hooks.Hooks - Starting Scenario: Register validation tests
2026-05-13 16:07:06 INFO  core.driver.DriverFactory - Browser initialized successfully
2026-05-13 16:07:06 INFO  core.hooks.Hooks - Starting Scenario: Register validation tests
2026-05-13 16:07:07 INFO  core.utils.ExcelReader - Reading test data from Excel. File: src/test/resources/testdata/RegisterData.xlsx, Sheet: Register, TestCase: TC_REGISTER_008
2026-05-13 16:07:08 INFO  core.utils.ExcelReader - Reading test data from Excel. File: src/test/resources/testdata/RegisterData.xlsx, Sheet: Register, TestCase: TC_REGISTER_010
2026-05-13 16:07:08 INFO  core.utils.ExcelReader - Test data loaded successfully for: TC_REGISTER_010
2026-05-13 16:07:08 INFO  core.utils.ExcelReader - Test data loaded successfully for: TC_REGISTER_008
2026-05-13 16:07:09 INFO  core.utils.ExcelReader - Reading test data from Excel. File: src/test/resources/testdata/RegisterData.xlsx, Sheet: Register, TestCase: TC_REGISTER_006
2026-05-13 16:07:09 INFO  core.utils.ExcelReader - Test data loaded successfully for: TC_REGISTER_006
2026-05-13 16:07:10 INFO  core.utils.ExcelReader - Reading test data from Excel. File: src/test/resources/testdata/RegisterData.xlsx, Sheet: Register, TestCase: TC_REGISTER_004
2026-05-13 16:07:10 INFO  core.utils.ExcelReader - Test data loaded successfully for: TC_REGISTER_004
2026-05-13 16:07:10 INFO  core.utils.ExcelReader - Reading test data from Excel. File: src/test/resources/testdata/RegisterData.xlsx, Sheet: Register, TestCase: TC_REGISTER_001
2026-05-13 16:07:10 INFO  core.utils.ExcelReader - Test data loaded successfully for: TC_REGISTER_001
2026-05-13 16:07:10 INFO  core.utils.ExcelReader - Reading test data from Excel. File: src/test/resources/testdata/RegisterData.xlsx, Sheet: Register, TestCase: TC_REGISTER_005
2026-05-13 16:07:10 INFO  core.utils.ExcelReader - Test data loaded successfully for: TC_REGISTER_005
2026-05-13 16:07:11 INFO  core.utils.ExcelReader - Reading test data from Excel. File: src/test/resources/testdata/RegisterData.xlsx, Sheet: Register, TestCase: TC_REGISTER_007
2026-05-13 16:07:11 INFO  core.utils.ExcelReader - Test data loaded successfully for: TC_REGISTER_007
2026-05-13 16:07:11 INFO  core.utils.ExcelReader - Reading test data from Excel. File: src/test/resources/testdata/RegisterData.xlsx, Sheet: Register, TestCase: TC_REGISTER_009
2026-05-13 16:07:12 INFO  core.utils.ExcelReader - Test data loaded successfully for: TC_REGISTER_009
2026-05-13 16:07:12 INFO  core.utils.ExcelReader - Reading test data from Excel. File: src/test/resources/testdata/RegisterData.xlsx, Sheet: Register, TestCase: TC_REGISTER_003
2026-05-13 16:07:12 INFO  core.utils.ExcelReader - Test data loaded successfully for: TC_REGISTER_003
2026-05-13 16:07:12 INFO  core.utils.ExcelReader - Reading test data from Excel. File: src/test/resources/testdata/RegisterData.xlsx, Sheet: Register, TestCase: TC_REGISTER_002
2026-05-13 16:07:12 INFO  core.utils.ExcelReader - Test data loaded successfully for: TC_REGISTER_002
2026-05-13 16:07:17 INFO  core.utils.ExcelReader - Reading test data from Excel. File: src/test/resources/testdata/RegisterData.xlsx, Sheet: Register, TestCase: TC_REGISTER_006
2026-05-13 16:07:17 INFO  core.utils.ExcelReader - Test data loaded successfully for: TC_REGISTER_006
2026-05-13 16:07:17 INFO  core.utils.ExcelReader - Reading test data from Excel. File: src/test/resources/testdata/RegisterData.xlsx, Sheet: Register, TestCase: TC_REGISTER_003
2026-05-13 16:07:17 INFO  core.utils.ExcelReader - Test data loaded successfully for: TC_REGISTER_003
2026-05-13 16:07:17 INFO  core.utils.ExcelReader - Reading test data from Excel. File: src/test/resources/testdata/RegisterData.xlsx, Sheet: Register, TestCase: TC_REGISTER_004
2026-05-13 16:07:17 INFO  core.utils.ExcelReader - Test data loaded successfully for: TC_REGISTER_004
2026-05-13 16:07:18 INFO  core.utils.ExcelReader - Reading test data from Excel. File: src/test/resources/testdata/RegisterData.xlsx, Sheet: Register, TestCase: TC_REGISTER_001
2026-05-13 16:07:18 INFO  core.utils.ExcelReader - Test data loaded successfully for: TC_REGISTER_001
2026-05-13 16:07:18 INFO  core.utils.ExcelReader - Reading test data from Excel. File: src/test/resources/testdata/RegisterData.xlsx, Sheet: Register, TestCase: TC_REGISTER_002
2026-05-13 16:07:18 INFO  core.utils.ExcelReader - Reading test data from Excel. File: src/test/resources/testdata/RegisterData.xlsx, Sheet: Register, TestCase: TC_REGISTER_008
2026-05-13 16:07:18 INFO  core.utils.ExcelReader - Reading test data from Excel. File: src/test/resources/testdata/RegisterData.xlsx, Sheet: Register, TestCase: TC_REGISTER_009
2026-05-13 16:07:18 INFO  core.utils.ExcelReader - Test data loaded successfully for: TC_REGISTER_008
2026-05-13 16:07:18 INFO  core.utils.ExcelReader - Test data loaded successfully for: TC_REGISTER_002
2026-05-13 16:07:18 INFO  core.utils.ExcelReader - Test data loaded successfully for: TC_REGISTER_009
2026-05-13 16:07:18 INFO  core.utils.ExcelReader - Reading test data from Excel. File: src/test/resources/testdata/RegisterData.xlsx, Sheet: Register, TestCase: TC_REGISTER_005
2026-05-13 16:07:18 INFO  core.utils.ExcelReader - Reading test data from Excel. File: src/test/resources/testdata/RegisterData.xlsx, Sheet: Register, TestCase: TC_REGISTER_010
2026-05-13 16:07:18 INFO  core.utils.ExcelReader - Test data loaded successfully for: TC_REGISTER_005
2026-05-13 16:07:18 INFO  core.utils.ExcelReader - Test data loaded successfully for: TC_REGISTER_010
2026-05-13 16:07:21 INFO  core.utils.ExcelReader - Reading test data from Excel. File: src/test/resources/testdata/RegisterData.xlsx, Sheet: Register, TestCase: TC_REGISTER_007
2026-05-13 16:07:21 INFO  core.utils.ExcelReader - Test data loaded successfully for: TC_REGISTER_007
2026-05-13 16:07:22 INFO  core.driver.DriverFactory - Driver closed successfully
2026-05-13 16:07:22 INFO  core.hooks.Hooks - Finished Scenario: Register validation tests
2026-05-13 16:07:22 INFO  core.driver.DriverFactory - Initializing browser: chrome
2026-05-13 16:07:22 INFO  core.driver.DriverFactory - Headless mode: false
2026-05-13 16:07:22 INFO  core.driver.DriverFactory - Healenium enabled: false
2026-05-13 16:07:22 INFO  core.driver.DriverFactory - Driver closed successfully
2026-05-13 16:07:22 INFO  core.hooks.Hooks - Finished Scenario: Register validation tests
2026-05-13 16:07:22 INFO  core.driver.DriverFactory - Driver closed successfully
2026-05-13 16:07:22 INFO  core.hooks.Hooks - Finished Scenario: Register validation tests
2026-05-13 16:07:22 INFO  core.driver.DriverFactory - Driver closed successfully
2026-05-13 16:07:22 INFO  core.hooks.Hooks - Finished Scenario: Register validation tests
2026-05-13 16:07:22 INFO  core.driver.DriverFactory - Driver closed successfully
2026-05-13 16:07:22 INFO  core.hooks.Hooks - Finished Scenario: Register validation tests
2026-05-13 16:07:26 INFO  core.driver.DriverFactory - Browser initialized successfully
2026-05-13 16:07:26 INFO  core.hooks.Hooks - Starting Scenario: Register validation tests
2026-05-13 16:07:28 INFO  core.utils.ExcelReader - Reading test data from Excel. File: src/test/resources/testdata/RegisterData.xlsx, Sheet: Register, TestCase: TC_REGISTER_011
2026-05-13 16:07:28 INFO  core.utils.ExcelReader - Test data loaded successfully for: TC_REGISTER_011
2026-05-13 16:07:30 INFO  core.driver.DriverFactory - Driver closed successfully
2026-05-13 16:07:30 INFO  core.hooks.Hooks - Finished Scenario: Register validation tests
2026-05-13 16:07:30 INFO  core.driver.DriverFactory - Driver closed successfully
2026-05-13 16:07:30 INFO  core.hooks.Hooks - Finished Scenario: Register validation tests
2026-05-13 16:07:30 INFO  core.driver.DriverFactory - Driver closed successfully
2026-05-13 16:07:30 INFO  core.hooks.Hooks - Finished Scenario: Register validation tests
2026-05-13 16:07:30 INFO  core.driver.DriverFactory - Driver closed successfully
2026-05-13 16:07:30 INFO  core.hooks.Hooks - Finished Scenario: Register validation tests
2026-05-13 16:07:31 INFO  core.driver.DriverFactory - Driver closed successfully
2026-05-13 16:07:31 INFO  core.hooks.Hooks - Finished Scenario: Register validation tests
2026-05-13 16:07:31 INFO  core.utils.ExcelReader - Reading test data from Excel. File: src/test/resources/testdata/RegisterData.xlsx, Sheet: Register, TestCase: TC_REGISTER_011
2026-05-13 16:07:31 INFO  core.utils.ExcelReader - Test data loaded successfully for: TC_REGISTER_011
2026-05-13 16:07:42 INFO  core.driver.DriverFactory - Driver closed successfully
2026-05-13 16:07:42 INFO  core.hooks.Hooks - Finished Scenario: Register validation tests
2026-05-13 16:12:13 INFO  core.driver.DriverFactory - Initializing browser: chrome
2026-05-13 16:12:13 INFO  core.driver.DriverFactory - Initializing browser: chrome
2026-05-13 16:12:13 INFO  core.driver.DriverFactory - Initializing browser: chrome
2026-05-13 16:12:13 INFO  core.driver.DriverFactory - Initializing browser: chrome
2026-05-13 16:12:13 INFO  core.driver.DriverFactory - Initializing browser: chrome
2026-05-13 16:12:13 INFO  core.driver.DriverFactory - Headless mode: false
2026-05-13 16:12:13 INFO  core.driver.DriverFactory - Initializing browser: chrome
2026-05-13 16:12:13 INFO  core.driver.DriverFactory - Initializing browser: chrome
2026-05-13 16:12:13 INFO  core.driver.DriverFactory - Initializing browser: chrome
2026-05-13 16:12:13 INFO  core.driver.DriverFactory - Initializing browser: chrome
2026-05-13 16:12:13 INFO  core.driver.DriverFactory - Headless mode: false
2026-05-13 16:12:13 INFO  core.driver.DriverFactory - Headless mode: false
2026-05-13 16:12:13 INFO  core.driver.DriverFactory - Healenium enabled: false
2026-05-13 16:12:13 INFO  core.driver.DriverFactory - Headless mode: false
2026-05-13 16:12:13 INFO  core.driver.DriverFactory - Initializing browser: chrome
2026-05-13 16:12:13 INFO  core.driver.DriverFactory - Healenium enabled: false
2026-05-13 16:12:13 INFO  core.driver.DriverFactory - Headless mode: false
2026-05-13 16:12:13 INFO  core.driver.DriverFactory - Healenium enabled: false
2026-05-13 16:12:13 INFO  core.driver.DriverFactory - Headless mode: false
2026-05-13 16:12:13 INFO  core.driver.DriverFactory - Healenium enabled: false
2026-05-13 16:12:13 INFO  core.driver.DriverFactory - Headless mode: false
2026-05-13 16:12:13 INFO  core.driver.DriverFactory - Headless mode: false
2026-05-13 16:12:13 INFO  core.driver.DriverFactory - Healenium enabled: false
2026-05-13 16:12:13 INFO  core.driver.DriverFactory - Healenium enabled: false
2026-05-13 16:12:13 INFO  core.driver.DriverFactory - Headless mode: false
2026-05-13 16:12:13 INFO  core.driver.DriverFactory - Headless mode: false
2026-05-13 16:12:13 INFO  core.driver.DriverFactory - Healenium enabled: false
2026-05-13 16:12:13 INFO  core.driver.DriverFactory - Healenium enabled: false
2026-05-13 16:12:13 INFO  core.driver.DriverFactory - Healenium enabled: false
2026-05-13 16:12:13 INFO  core.driver.DriverFactory - Healenium enabled: false
2026-05-13 16:12:25 INFO  core.driver.DriverFactory - Browser initialized successfully
2026-05-13 16:12:25 INFO  core.hooks.Hooks - Starting Scenario: Register validation tests
2026-05-13 16:12:26 INFO  core.driver.DriverFactory - Browser initialized successfully
2026-05-13 16:12:26 INFO  core.hooks.Hooks - Starting Scenario: Register validation tests
2026-05-13 16:12:26 INFO  core.driver.DriverFactory - Browser initialized successfully
2026-05-13 16:12:26 INFO  core.hooks.Hooks - Starting Scenario: Register validation tests
2026-05-13 16:12:26 INFO  core.driver.DriverFactory - Browser initialized successfully
2026-05-13 16:12:26 INFO  core.hooks.Hooks - Starting Scenario: Register validation tests
2026-05-13 16:12:27 INFO  core.driver.DriverFactory - Browser initialized successfully
2026-05-13 16:12:27 INFO  core.hooks.Hooks - Starting Scenario: Register validation tests
2026-05-13 16:12:27 INFO  core.driver.DriverFactory - Browser initialized successfully
2026-05-13 16:12:27 INFO  core.hooks.Hooks - Starting Scenario: Register validation tests
2026-05-13 16:12:27 INFO  core.driver.DriverFactory - Browser initialized successfully
2026-05-13 16:12:27 INFO  core.hooks.Hooks - Starting Scenario: Register validation tests
2026-05-13 16:12:27 INFO  core.driver.DriverFactory - Browser initialized successfully
2026-05-13 16:12:27 INFO  core.hooks.Hooks - Starting Scenario: Register validation tests
2026-05-13 16:12:27 INFO  core.driver.DriverFactory - Browser initialized successfully
2026-05-13 16:12:27 INFO  core.hooks.Hooks - Starting Scenario: Register validation tests
2026-05-13 16:12:27 INFO  core.driver.DriverFactory - Browser initialized successfully
2026-05-13 16:12:27 INFO  core.hooks.Hooks - Starting Scenario: Register validation tests
2026-05-13 16:12:28 INFO  core.utils.ExcelReader - Reading test data from Excel. File: src/test/resources/testdata/RegisterData.xlsx, Sheet: Register, TestCase: TC_REGISTER_004
2026-05-13 16:12:28 INFO  core.utils.ExcelReader - Reading test data from Excel. File: src/test/resources/testdata/RegisterData.xlsx, Sheet: Register, TestCase: TC_REGISTER_001
2026-05-13 16:12:30 INFO  core.utils.ExcelReader - Test data loaded successfully for: TC_REGISTER_001
2026-05-13 16:12:30 INFO  core.utils.ExcelReader - Test data loaded successfully for: TC_REGISTER_004
2026-05-13 16:12:30 INFO  core.utils.ExcelReader - Reading test data from Excel. File: src/test/resources/testdata/RegisterData.xlsx, Sheet: Register, TestCase: TC_REGISTER_003
2026-05-13 16:12:30 INFO  core.utils.ExcelReader - Test data loaded successfully for: TC_REGISTER_003
2026-05-13 16:12:32 INFO  core.utils.ExcelReader - Reading test data from Excel. File: src/test/resources/testdata/RegisterData.xlsx, Sheet: Register, TestCase: TC_REGISTER_007
2026-05-13 16:12:32 INFO  core.utils.ExcelReader - Test data loaded successfully for: TC_REGISTER_007
2026-05-13 16:12:33 INFO  core.utils.ExcelReader - Reading test data from Excel. File: src/test/resources/testdata/RegisterData.xlsx, Sheet: Register, TestCase: TC_REGISTER_002
2026-05-13 16:12:33 INFO  core.utils.ExcelReader - Test data loaded successfully for: TC_REGISTER_002
2026-05-13 16:12:34 INFO  core.utils.ExcelReader - Reading test data from Excel. File: src/test/resources/testdata/RegisterData.xlsx, Sheet: Register, TestCase: TC_REGISTER_009
2026-05-13 16:12:34 INFO  core.utils.ExcelReader - Test data loaded successfully for: TC_REGISTER_009
2026-05-13 16:12:34 INFO  core.utils.ExcelReader - Reading test data from Excel. File: src/test/resources/testdata/RegisterData.xlsx, Sheet: Register, TestCase: TC_REGISTER_005
2026-05-13 16:12:34 INFO  core.utils.ExcelReader - Reading test data from Excel. File: src/test/resources/testdata/RegisterData.xlsx, Sheet: Register, TestCase: TC_REGISTER_010
2026-05-13 16:12:34 INFO  core.utils.ExcelReader - Test data loaded successfully for: TC_REGISTER_005
2026-05-13 16:12:34 INFO  core.utils.ExcelReader - Test data loaded successfully for: TC_REGISTER_010
2026-05-13 16:12:34 INFO  core.utils.ExcelReader - Reading test data from Excel. File: src/test/resources/testdata/RegisterData.xlsx, Sheet: Register, TestCase: TC_REGISTER_006
2026-05-13 16:12:34 INFO  core.utils.ExcelReader - Reading test data from Excel. File: src/test/resources/testdata/RegisterData.xlsx, Sheet: Register, TestCase: TC_REGISTER_008
2026-05-13 16:12:34 INFO  core.utils.ExcelReader - Test data loaded successfully for: TC_REGISTER_008
2026-05-13 16:12:34 INFO  core.utils.ExcelReader - Test data loaded successfully for: TC_REGISTER_006
2026-05-13 16:12:42 INFO  core.utils.ExcelReader - Reading test data from Excel. File: src/test/resources/testdata/RegisterData.xlsx, Sheet: Register, TestCase: TC_REGISTER_001
2026-05-13 16:12:42 INFO  core.utils.ExcelReader - Test data loaded successfully for: TC_REGISTER_001
2026-05-13 16:12:43 INFO  core.utils.ExcelReader - Reading test data from Excel. File: src/test/resources/testdata/RegisterData.xlsx, Sheet: Register, TestCase: TC_REGISTER_003
2026-05-13 16:12:43 INFO  core.utils.ExcelReader - Test data loaded successfully for: TC_REGISTER_003
2026-05-13 16:12:44 INFO  core.utils.ExcelReader - Reading test data from Excel. File: src/test/resources/testdata/RegisterData.xlsx, Sheet: Register, TestCase: TC_REGISTER_002
2026-05-13 16:12:44 INFO  core.utils.ExcelReader - Test data loaded successfully for: TC_REGISTER_002
2026-05-13 16:12:44 INFO  core.utils.ExcelReader - Reading test data from Excel. File: src/test/resources/testdata/RegisterData.xlsx, Sheet: Register, TestCase: TC_REGISTER_004
2026-05-13 16:12:44 INFO  core.utils.ExcelReader - Reading test data from Excel. File: src/test/resources/testdata/RegisterData.xlsx, Sheet: Register, TestCase: TC_REGISTER_007
2026-05-13 16:12:44 INFO  core.utils.ExcelReader - Test data loaded successfully for: TC_REGISTER_004
2026-05-13 16:12:44 INFO  core.utils.ExcelReader - Test data loaded successfully for: TC_REGISTER_007
2026-05-13 16:12:45 INFO  core.utils.ExcelReader - Reading test data from Excel. File: src/test/resources/testdata/RegisterData.xlsx, Sheet: Register, TestCase: TC_REGISTER_010
2026-05-13 16:12:45 INFO  core.utils.ExcelReader - Test data loaded successfully for: TC_REGISTER_010
2026-05-13 16:12:45 INFO  core.utils.ExcelReader - Reading test data from Excel. File: src/test/resources/testdata/RegisterData.xlsx, Sheet: Register, TestCase: TC_REGISTER_009
2026-05-13 16:12:45 INFO  core.utils.ExcelReader - Test data loaded successfully for: TC_REGISTER_009
2026-05-13 16:12:45 INFO  core.utils.ExcelReader - Reading test data from Excel. File: src/test/resources/testdata/RegisterData.xlsx, Sheet: Register, TestCase: TC_REGISTER_006
2026-05-13 16:12:45 INFO  core.utils.ExcelReader - Test data loaded successfully for: TC_REGISTER_006
2026-05-13 16:12:46 INFO  core.utils.ExcelReader - Reading test data from Excel. File: src/test/resources/testdata/RegisterData.xlsx, Sheet: Register, TestCase: TC_REGISTER_005
2026-05-13 16:12:46 INFO  core.utils.ExcelReader - Test data loaded successfully for: TC_REGISTER_005
2026-05-13 16:12:46 INFO  core.utils.ExcelReader - Reading test data from Excel. File: src/test/resources/testdata/RegisterData.xlsx, Sheet: Register, TestCase: TC_REGISTER_008
2026-05-13 16:12:46 INFO  core.utils.ExcelReader - Test data loaded successfully for: TC_REGISTER_008
2026-05-13 16:12:52 INFO  core.driver.DriverFactory - Driver closed successfully
2026-05-13 16:12:52 INFO  core.hooks.Hooks - Finished Scenario: Register validation tests
2026-05-13 16:12:52 INFO  core.driver.DriverFactory - Initializing browser: chrome
2026-05-13 16:12:52 INFO  core.driver.DriverFactory - Headless mode: false
2026-05-13 16:12:52 INFO  core.driver.DriverFactory - Healenium enabled: false
2026-05-13 16:12:52 INFO  core.driver.DriverFactory - Driver closed successfully
2026-05-13 16:12:52 INFO  core.hooks.Hooks - Finished Scenario: Register validation tests
2026-05-13 16:12:53 INFO  core.driver.DriverFactory - Driver closed successfully
2026-05-13 16:12:53 INFO  core.hooks.Hooks - Finished Scenario: Register validation tests
2026-05-13 16:12:53 INFO  core.driver.DriverFactory - Driver closed successfully
2026-05-13 16:12:53 INFO  core.hooks.Hooks - Finished Scenario: Register validation tests
2026-05-13 16:12:53 INFO  core.driver.DriverFactory - Driver closed successfully
2026-05-13 16:12:53 INFO  core.hooks.Hooks - Finished Scenario: Register validation tests
2026-05-13 16:12:55 INFO  core.driver.DriverFactory - Driver closed successfully
2026-05-13 16:12:55 INFO  core.hooks.Hooks - Finished Scenario: Register validation tests
2026-05-13 16:12:56 INFO  core.driver.DriverFactory - Driver closed successfully
2026-05-13 16:12:56 INFO  core.hooks.Hooks - Finished Scenario: Register validation tests
2026-05-13 16:12:56 INFO  core.driver.DriverFactory - Driver closed successfully
2026-05-13 16:12:56 INFO  core.hooks.Hooks - Finished Scenario: Register validation tests
2026-05-13 16:12:57 INFO  core.driver.DriverFactory - Driver closed successfully
2026-05-13 16:12:57 INFO  core.hooks.Hooks - Finished Scenario: Register validation tests
2026-05-13 16:12:58 INFO  core.driver.DriverFactory - Driver closed successfully
2026-05-13 16:12:58 INFO  core.hooks.Hooks - Finished Scenario: Register validation tests
2026-05-13 16:13:00 INFO  core.driver.DriverFactory - Browser initialized successfully
2026-05-13 16:13:00 INFO  core.hooks.Hooks - Starting Scenario: Register validation tests
2026-05-13 16:13:01 INFO  core.utils.ExcelReader - Reading test data from Excel. File: src/test/resources/testdata/RegisterData.xlsx, Sheet: Register, TestCase: TC_REGISTER_011
2026-05-13 16:13:02 INFO  core.utils.ExcelReader - Test data loaded successfully for: TC_REGISTER_011
2026-05-13 16:13:04 INFO  core.utils.ExcelReader - Reading test data from Excel. File: src/test/resources/testdata/RegisterData.xlsx, Sheet: Register, TestCase: TC_REGISTER_011
2026-05-13 16:13:04 INFO  core.utils.ExcelReader - Test data loaded successfully for: TC_REGISTER_011
2026-05-13 16:13:15 INFO  core.driver.DriverFactory - Driver closed successfully
2026-05-13 16:13:15 INFO  core.hooks.Hooks - Finished Scenario: Register validation tests
2026-05-13 16:18:09 INFO  core.driver.DriverFactory - Initializing browser: chrome
2026-05-13 16:18:09 INFO  core.driver.DriverFactory - Initializing browser: chrome
2026-05-13 16:18:09 INFO  core.driver.DriverFactory - Initializing browser: chrome
2026-05-13 16:18:09 INFO  core.driver.DriverFactory - Initializing browser: chrome
2026-05-13 16:18:09 INFO  core.driver.DriverFactory - Headless mode: false
2026-05-13 16:18:09 INFO  core.driver.DriverFactory - Initializing browser: chrome
2026-05-13 16:18:09 INFO  core.driver.DriverFactory - Initializing browser: chrome
2026-05-13 16:18:09 INFO  core.driver.DriverFactory - Initializing browser: chrome
2026-05-13 16:18:09 INFO  core.driver.DriverFactory - Headless mode: false
2026-05-13 16:18:09 INFO  core.driver.DriverFactory - Headless mode: false
2026-05-13 16:18:09 INFO  core.driver.DriverFactory - Initializing browser: chrome
2026-05-13 16:18:09 INFO  core.driver.DriverFactory - Headless mode: false
2026-05-13 16:18:09 INFO  core.driver.DriverFactory - Initializing browser: chrome
2026-05-13 16:18:09 INFO  core.driver.DriverFactory - Headless mode: false
2026-05-13 16:18:09 INFO  core.driver.DriverFactory - Headless mode: false
2026-05-13 16:18:09 INFO  core.driver.DriverFactory - Healenium enabled: false
2026-05-13 16:18:09 INFO  core.driver.DriverFactory - Headless mode: false
2026-05-13 16:18:09 INFO  core.driver.DriverFactory - Healenium enabled: false
2026-05-13 16:18:09 INFO  core.driver.DriverFactory - Healenium enabled: false
2026-05-13 16:18:09 INFO  core.driver.DriverFactory - Healenium enabled: false
2026-05-13 16:18:09 INFO  core.driver.DriverFactory - Healenium enabled: false
2026-05-13 16:18:09 INFO  core.driver.DriverFactory - Initializing browser: chrome
2026-05-13 16:18:09 INFO  core.driver.DriverFactory - Healenium enabled: false
2026-05-13 16:18:09 INFO  core.driver.DriverFactory - Healenium enabled: false
2026-05-13 16:18:09 INFO  core.driver.DriverFactory - Headless mode: false
2026-05-13 16:18:09 INFO  core.driver.DriverFactory - Headless mode: false
2026-05-13 16:18:09 INFO  core.driver.DriverFactory - Headless mode: false
2026-05-13 16:18:09 INFO  core.driver.DriverFactory - Healenium enabled: false
2026-05-13 16:18:09 INFO  core.driver.DriverFactory - Healenium enabled: false
2026-05-13 16:18:09 INFO  core.driver.DriverFactory - Healenium enabled: false
2026-05-13 16:18:14 INFO  core.driver.DriverFactory - Browser initialized successfully
2026-05-13 16:18:14 INFO  core.hooks.Hooks - Starting Scenario: Register validation tests
2026-05-13 16:18:16 INFO  core.utils.ExcelReader - Reading test data from Excel. File: src/test/resources/testdata/RegisterData.xlsx, Sheet: Register, TestCase: TC_REGISTER_009
2026-05-13 16:18:17 INFO  core.driver.DriverFactory - Browser initialized successfully
2026-05-13 16:18:17 INFO  core.hooks.Hooks - Starting Scenario: Register validation tests
2026-05-13 16:18:18 INFO  core.utils.ExcelReader - Test data loaded successfully for: TC_REGISTER_009
2026-05-13 16:18:20 INFO  core.utils.ExcelReader - Reading test data from Excel. File: src/test/resources/testdata/RegisterData.xlsx, Sheet: Register, TestCase: TC_REGISTER_010
2026-05-13 16:18:20 INFO  core.utils.ExcelReader - Test data loaded successfully for: TC_REGISTER_010
2026-05-13 16:18:25 INFO  core.driver.DriverFactory - Browser initialized successfully
2026-05-13 16:18:25 INFO  core.hooks.Hooks - Starting Scenario: Register validation tests
2026-05-13 16:18:27 INFO  core.utils.ExcelReader - Reading test data from Excel. File: src/test/resources/testdata/RegisterData.xlsx, Sheet: Register, TestCase: TC_REGISTER_004
2026-05-13 16:18:27 INFO  core.utils.ExcelReader - Test data loaded successfully for: TC_REGISTER_004
2026-05-13 16:18:28 INFO  core.driver.DriverFactory - Browser initialized successfully
2026-05-13 16:18:28 INFO  core.hooks.Hooks - Starting Scenario: Register validation tests
2026-05-13 16:18:28 INFO  core.driver.DriverFactory - Browser initialized successfully
2026-05-13 16:18:28 INFO  core.hooks.Hooks - Starting Scenario: Register validation tests
2026-05-13 16:18:29 INFO  core.driver.DriverFactory - Browser initialized successfully
2026-05-13 16:18:29 INFO  core.hooks.Hooks - Starting Scenario: Register validation tests
2026-05-13 16:18:29 INFO  core.driver.DriverFactory - Browser initialized successfully
2026-05-13 16:18:29 INFO  core.driver.DriverFactory - Browser initialized successfully
2026-05-13 16:18:29 INFO  core.hooks.Hooks - Starting Scenario: Register validation tests
2026-05-13 16:18:29 INFO  core.hooks.Hooks - Starting Scenario: Register validation tests
2026-05-13 16:18:29 INFO  core.driver.DriverFactory - Browser initialized successfully
2026-05-13 16:18:29 INFO  core.hooks.Hooks - Starting Scenario: Register validation tests
2026-05-13 16:18:30 INFO  core.driver.DriverFactory - Browser initialized successfully
2026-05-13 16:18:30 INFO  core.hooks.Hooks - Starting Scenario: Register validation tests
2026-05-13 16:18:31 INFO  core.utils.ExcelReader - Reading test data from Excel. File: src/test/resources/testdata/RegisterData.xlsx, Sheet: Register, TestCase: TC_REGISTER_005
2026-05-13 16:18:31 INFO  core.utils.ExcelReader - Reading test data from Excel. File: src/test/resources/testdata/RegisterData.xlsx, Sheet: Register, TestCase: TC_REGISTER_006
2026-05-13 16:18:31 INFO  core.utils.ExcelReader - Test data loaded successfully for: TC_REGISTER_005
2026-05-13 16:18:31 INFO  core.utils.ExcelReader - Test data loaded successfully for: TC_REGISTER_006
2026-05-13 16:18:34 INFO  core.utils.ExcelReader - Reading test data from Excel. File: src/test/resources/testdata/RegisterData.xlsx, Sheet: Register, TestCase: TC_REGISTER_003
2026-05-13 16:18:34 INFO  core.utils.ExcelReader - Test data loaded successfully for: TC_REGISTER_003
2026-05-13 16:18:34 INFO  core.utils.ExcelReader - Reading test data from Excel. File: src/test/resources/testdata/RegisterData.xlsx, Sheet: Register, TestCase: TC_REGISTER_001
2026-05-13 16:18:34 INFO  core.utils.ExcelReader - Reading test data from Excel. File: src/test/resources/testdata/RegisterData.xlsx, Sheet: Register, TestCase: TC_REGISTER_008
2026-05-13 16:18:34 INFO  core.utils.ExcelReader - Reading test data from Excel. File: src/test/resources/testdata/RegisterData.xlsx, Sheet: Register, TestCase: TC_REGISTER_007
2026-05-13 16:18:34 INFO  core.utils.ExcelReader - Test data loaded successfully for: TC_REGISTER_008
2026-05-13 16:18:34 INFO  core.utils.ExcelReader - Test data loaded successfully for: TC_REGISTER_001
2026-05-13 16:18:34 INFO  core.utils.ExcelReader - Test data loaded successfully for: TC_REGISTER_007
2026-05-13 16:18:35 INFO  core.utils.ExcelReader - Reading test data from Excel. File: src/test/resources/testdata/RegisterData.xlsx, Sheet: Register, TestCase: TC_REGISTER_002
2026-05-13 16:18:35 INFO  core.utils.ExcelReader - Test data loaded successfully for: TC_REGISTER_002
2026-05-13 16:18:41 INFO  core.utils.ExcelReader - Reading test data from Excel. File: src/test/resources/testdata/RegisterData.xlsx, Sheet: Register, TestCase: TC_REGISTER_009
2026-05-13 16:18:41 INFO  core.utils.ExcelReader - Test data loaded successfully for: TC_REGISTER_009
2026-05-13 16:18:42 INFO  core.utils.ExcelReader - Reading test data from Excel. File: src/test/resources/testdata/RegisterData.xlsx, Sheet: Register, TestCase: TC_REGISTER_010
2026-05-13 16:18:43 INFO  core.utils.ExcelReader - Test data loaded successfully for: TC_REGISTER_010
2026-05-13 16:18:43 INFO  core.utils.ExcelReader - Reading test data from Excel. File: src/test/resources/testdata/RegisterData.xlsx, Sheet: Register, TestCase: TC_REGISTER_002
2026-05-13 16:18:43 INFO  core.utils.ExcelReader - Test data loaded successfully for: TC_REGISTER_002
2026-05-13 16:18:45 INFO  core.utils.ExcelReader - Reading test data from Excel. File: src/test/resources/testdata/RegisterData.xlsx, Sheet: Register, TestCase: TC_REGISTER_006
2026-05-13 16:18:45 INFO  core.utils.ExcelReader - Reading test data from Excel. File: src/test/resources/testdata/RegisterData.xlsx, Sheet: Register, TestCase: TC_REGISTER_001
2026-05-13 16:18:45 INFO  core.utils.ExcelReader - Test data loaded successfully for: TC_REGISTER_006
2026-05-13 16:18:45 INFO  core.utils.ExcelReader - Test data loaded successfully for: TC_REGISTER_001
2026-05-13 16:18:45 INFO  core.utils.ExcelReader - Reading test data from Excel. File: src/test/resources/testdata/RegisterData.xlsx, Sheet: Register, TestCase: TC_REGISTER_003
2026-05-13 16:18:45 INFO  core.utils.ExcelReader - Test data loaded successfully for: TC_REGISTER_003
2026-05-13 16:18:45 INFO  core.utils.ExcelReader - Reading test data from Excel. File: src/test/resources/testdata/RegisterData.xlsx, Sheet: Register, TestCase: TC_REGISTER_007
2026-05-13 16:18:45 INFO  core.utils.ExcelReader - Test data loaded successfully for: TC_REGISTER_007
2026-05-13 16:18:46 INFO  core.utils.ExcelReader - Reading test data from Excel. File: src/test/resources/testdata/RegisterData.xlsx, Sheet: Register, TestCase: TC_REGISTER_004
2026-05-13 16:18:46 INFO  core.utils.ExcelReader - Test data loaded successfully for: TC_REGISTER_004
2026-05-13 16:18:47 INFO  core.utils.ExcelReader - Reading test data from Excel. File: src/test/resources/testdata/RegisterData.xlsx, Sheet: Register, TestCase: TC_REGISTER_008
2026-05-13 16:18:47 INFO  core.utils.ExcelReader - Test data loaded successfully for: TC_REGISTER_008
2026-05-13 16:18:47 INFO  core.utils.ExcelReader - Reading test data from Excel. File: src/test/resources/testdata/RegisterData.xlsx, Sheet: Register, TestCase: TC_REGISTER_005
2026-05-13 16:18:47 INFO  core.utils.ExcelReader - Test data loaded successfully for: TC_REGISTER_005
2026-05-13 16:18:50 INFO  core.driver.DriverFactory - Driver closed successfully
2026-05-13 16:18:50 INFO  core.hooks.Hooks - Finished Scenario: Register validation tests
2026-05-13 16:18:50 INFO  core.driver.DriverFactory - Initializing browser: chrome
2026-05-13 16:18:50 INFO  core.driver.DriverFactory - Headless mode: false
2026-05-13 16:18:50 INFO  core.driver.DriverFactory - Healenium enabled: false
2026-05-13 16:18:51 INFO  core.driver.DriverFactory - Driver closed successfully
2026-05-13 16:18:51 INFO  core.hooks.Hooks - Finished Scenario: Register validation tests
2026-05-13 16:18:51 INFO  core.driver.DriverFactory - Driver closed successfully
2026-05-13 16:18:51 INFO  core.driver.DriverFactory - Driver closed successfully
2026-05-13 16:18:51 INFO  core.hooks.Hooks - Finished Scenario: Register validation tests
2026-05-13 16:18:51 INFO  core.hooks.Hooks - Finished Scenario: Register validation tests
2026-05-13 16:18:51 INFO  core.driver.DriverFactory - Driver closed successfully
2026-05-13 16:18:51 INFO  core.hooks.Hooks - Finished Scenario: Register validation tests
2026-05-13 16:18:55 INFO  core.driver.DriverFactory - Driver closed successfully
2026-05-13 16:18:55 INFO  core.hooks.Hooks - Finished Scenario: Register validation tests
2026-05-13 16:18:57 INFO  core.driver.DriverFactory - Browser initialized successfully
2026-05-13 16:18:57 INFO  core.hooks.Hooks - Starting Scenario: Register validation tests
2026-05-13 16:18:58 INFO  core.utils.ExcelReader - Reading test data from Excel. File: src/test/resources/testdata/RegisterData.xlsx, Sheet: Register, TestCase: TC_REGISTER_011
2026-05-13 16:18:58 INFO  core.utils.ExcelReader - Test data loaded successfully for: TC_REGISTER_011
2026-05-13 16:18:59 INFO  core.driver.DriverFactory - Driver closed successfully
2026-05-13 16:18:59 INFO  core.hooks.Hooks - Finished Scenario: Register validation tests
2026-05-13 16:18:59 INFO  core.driver.DriverFactory - Driver closed successfully
2026-05-13 16:18:59 INFO  core.hooks.Hooks - Finished Scenario: Register validation tests
2026-05-13 16:18:59 INFO  core.driver.DriverFactory - Driver closed successfully
2026-05-13 16:18:59 INFO  core.hooks.Hooks - Finished Scenario: Register validation tests
2026-05-13 16:19:00 INFO  core.driver.DriverFactory - Driver closed successfully
2026-05-13 16:19:00 INFO  core.hooks.Hooks - Finished Scenario: Register validation tests
2026-05-13 16:19:01 INFO  core.utils.ExcelReader - Reading test data from Excel. File: src/test/resources/testdata/RegisterData.xlsx, Sheet: Register, TestCase: TC_REGISTER_011
2026-05-13 16:19:01 INFO  core.utils.ExcelReader - Test data loaded successfully for: TC_REGISTER_011
2026-05-13 16:19:12 INFO  core.driver.DriverFactory - Driver closed successfully
2026-05-13 16:19:12 INFO  core.hooks.Hooks - Finished Scenario: Register validation tests
2026-05-13 16:23:59 INFO  core.driver.DriverFactory - Initializing browser: chrome
2026-05-13 16:23:59 INFO  core.driver.DriverFactory - Initializing browser: chrome
2026-05-13 16:23:59 INFO  core.driver.DriverFactory - Initializing browser: chrome
2026-05-13 16:23:59 INFO  core.driver.DriverFactory - Initializing browser: chrome
2026-05-13 16:23:59 INFO  core.driver.DriverFactory - Initializing browser: chrome
2026-05-13 16:23:59 INFO  core.driver.DriverFactory - Initializing browser: chrome
2026-05-13 16:23:59 INFO  core.driver.DriverFactory - Headless mode: false
2026-05-13 16:23:59 INFO  core.driver.DriverFactory - Headless mode: false
2026-05-13 16:23:59 INFO  core.driver.DriverFactory - Initializing browser: chrome
2026-05-13 16:23:59 INFO  core.driver.DriverFactory - Initializing browser: chrome
2026-05-13 16:23:59 INFO  core.driver.DriverFactory - Headless mode: false
2026-05-13 16:23:59 INFO  core.driver.DriverFactory - Initializing browser: chrome
2026-05-13 16:23:59 INFO  core.driver.DriverFactory - Headless mode: false
2026-05-13 16:23:59 INFO  core.driver.DriverFactory - Headless mode: false
2026-05-13 16:23:59 INFO  core.driver.DriverFactory - Healenium enabled: false
2026-05-13 16:23:59 INFO  core.driver.DriverFactory - Headless mode: false
2026-05-13 16:23:59 INFO  core.driver.DriverFactory - Initializing browser: chrome
2026-05-13 16:23:59 INFO  core.driver.DriverFactory - Healenium enabled: false
2026-05-13 16:23:59 INFO  core.driver.DriverFactory - Headless mode: false
2026-05-13 16:23:59 INFO  core.driver.DriverFactory - Healenium enabled: false
2026-05-13 16:23:59 INFO  core.driver.DriverFactory - Headless mode: false
2026-05-13 16:23:59 INFO  core.driver.DriverFactory - Healenium enabled: false
2026-05-13 16:23:59 INFO  core.driver.DriverFactory - Healenium enabled: false
2026-05-13 16:23:59 INFO  core.driver.DriverFactory - Healenium enabled: false
2026-05-13 16:23:59 INFO  core.driver.DriverFactory - Headless mode: false
2026-05-13 16:23:59 INFO  core.driver.DriverFactory - Headless mode: false
2026-05-13 16:23:59 INFO  core.driver.DriverFactory - Healenium enabled: false
2026-05-13 16:23:59 INFO  core.driver.DriverFactory - Healenium enabled: false
2026-05-13 16:23:59 INFO  core.driver.DriverFactory - Healenium enabled: false
2026-05-13 16:23:59 INFO  core.driver.DriverFactory - Healenium enabled: false
2026-05-13 16:24:12 INFO  core.driver.DriverFactory - Browser initialized successfully
2026-05-13 16:24:12 INFO  core.hooks.Hooks - Starting Scenario: Register validation tests
2026-05-13 16:24:12 INFO  core.driver.DriverFactory - Browser initialized successfully
2026-05-13 16:24:12 INFO  core.hooks.Hooks - Starting Scenario: Register validation tests
2026-05-13 16:24:12 INFO  core.driver.DriverFactory - Browser initialized successfully
2026-05-13 16:24:12 INFO  core.hooks.Hooks - Starting Scenario: Register validation tests
2026-05-13 16:24:12 INFO  core.driver.DriverFactory - Browser initialized successfully
2026-05-13 16:24:12 INFO  core.hooks.Hooks - Starting Scenario: Register validation tests
2026-05-13 16:24:13 INFO  core.driver.DriverFactory - Browser initialized successfully
2026-05-13 16:24:13 INFO  core.hooks.Hooks - Starting Scenario: Register validation tests
2026-05-13 16:24:13 INFO  core.driver.DriverFactory - Browser initialized successfully
2026-05-13 16:24:13 INFO  core.hooks.Hooks - Starting Scenario: Register validation tests
2026-05-13 16:24:14 INFO  core.driver.DriverFactory - Browser initialized successfully
2026-05-13 16:24:14 INFO  core.hooks.Hooks - Starting Scenario: Register validation tests
2026-05-13 16:24:14 INFO  core.driver.DriverFactory - Browser initialized successfully
2026-05-13 16:24:14 INFO  core.hooks.Hooks - Starting Scenario: Register validation tests
2026-05-13 16:24:15 INFO  core.utils.ExcelReader - Reading test data from Excel. File: src/test/resources/testdata/RegisterData.xlsx, Sheet: Register, TestCase: TC_REGISTER_003
2026-05-13 16:24:15 INFO  core.driver.DriverFactory - Browser initialized successfully
2026-05-13 16:24:15 INFO  core.hooks.Hooks - Starting Scenario: Register validation tests
2026-05-13 16:24:15 INFO  core.driver.DriverFactory - Browser initialized successfully
2026-05-13 16:24:15 INFO  core.hooks.Hooks - Starting Scenario: Register validation tests
2026-05-13 16:24:17 INFO  core.utils.ExcelReader - Test data loaded successfully for: TC_REGISTER_003
2026-05-13 16:24:18 INFO  core.utils.ExcelReader - Reading test data from Excel. File: src/test/resources/testdata/RegisterData.xlsx, Sheet: Register, TestCase: TC_REGISTER_009
2026-05-13 16:24:18 INFO  core.utils.ExcelReader - Test data loaded successfully for: TC_REGISTER_009
2026-05-13 16:24:18 INFO  core.utils.ExcelReader - Reading test data from Excel. File: src/test/resources/testdata/RegisterData.xlsx, Sheet: Register, TestCase: TC_REGISTER_008
2026-05-13 16:24:18 INFO  core.utils.ExcelReader - Test data loaded successfully for: TC_REGISTER_008
2026-05-13 16:24:19 INFO  core.utils.ExcelReader - Reading test data from Excel. File: src/test/resources/testdata/RegisterData.xlsx, Sheet: Register, TestCase: TC_REGISTER_007
2026-05-13 16:24:19 INFO  core.utils.ExcelReader - Reading test data from Excel. File: src/test/resources/testdata/RegisterData.xlsx, Sheet: Register, TestCase: TC_REGISTER_002
2026-05-13 16:24:19 INFO  core.utils.ExcelReader - Test data loaded successfully for: TC_REGISTER_002
2026-05-13 16:24:19 INFO  core.utils.ExcelReader - Test data loaded successfully for: TC_REGISTER_007
2026-05-13 16:24:19 INFO  core.utils.ExcelReader - Reading test data from Excel. File: src/test/resources/testdata/RegisterData.xlsx, Sheet: Register, TestCase: TC_REGISTER_001
2026-05-13 16:24:19 INFO  core.utils.ExcelReader - Test data loaded successfully for: TC_REGISTER_001
2026-05-13 16:24:19 INFO  core.utils.ExcelReader - Reading test data from Excel. File: src/test/resources/testdata/RegisterData.xlsx, Sheet: Register, TestCase: TC_REGISTER_005
2026-05-13 16:24:19 INFO  core.utils.ExcelReader - Test data loaded successfully for: TC_REGISTER_005
2026-05-13 16:24:19 INFO  core.utils.ExcelReader - Reading test data from Excel. File: src/test/resources/testdata/RegisterData.xlsx, Sheet: Register, TestCase: TC_REGISTER_004
2026-05-13 16:24:19 INFO  core.utils.ExcelReader - Test data loaded successfully for: TC_REGISTER_004
2026-05-13 16:24:20 INFO  core.utils.ExcelReader - Reading test data from Excel. File: src/test/resources/testdata/RegisterData.xlsx, Sheet: Register, TestCase: TC_REGISTER_006
2026-05-13 16:24:20 INFO  core.utils.ExcelReader - Test data loaded successfully for: TC_REGISTER_006
2026-05-13 16:24:20 INFO  core.utils.ExcelReader - Reading test data from Excel. File: src/test/resources/testdata/RegisterData.xlsx, Sheet: Register, TestCase: TC_REGISTER_010
2026-05-13 16:24:20 INFO  core.utils.ExcelReader - Test data loaded successfully for: TC_REGISTER_010
2026-05-13 16:24:26 INFO  core.utils.ExcelReader - Reading test data from Excel. File: src/test/resources/testdata/RegisterData.xlsx, Sheet: Register, TestCase: TC_REGISTER_006
2026-05-13 16:24:26 INFO  core.utils.ExcelReader - Test data loaded successfully for: TC_REGISTER_006
2026-05-13 16:24:27 INFO  core.utils.ExcelReader - Reading test data from Excel. File: src/test/resources/testdata/RegisterData.xlsx, Sheet: Register, TestCase: TC_REGISTER_003
2026-05-13 16:24:27 INFO  core.utils.ExcelReader - Test data loaded successfully for: TC_REGISTER_003
2026-05-13 16:24:27 INFO  core.utils.ExcelReader - Reading test data from Excel. File: src/test/resources/testdata/RegisterData.xlsx, Sheet: Register, TestCase: TC_REGISTER_001
2026-05-13 16:24:27 INFO  core.utils.ExcelReader - Test data loaded successfully for: TC_REGISTER_001
2026-05-13 16:24:27 INFO  core.utils.ExcelReader - Reading test data from Excel. File: src/test/resources/testdata/RegisterData.xlsx, Sheet: Register, TestCase: TC_REGISTER_002
2026-05-13 16:24:27 INFO  core.utils.ExcelReader - Test data loaded successfully for: TC_REGISTER_002
2026-05-13 16:24:28 INFO  core.utils.ExcelReader - Reading test data from Excel. File: src/test/resources/testdata/RegisterData.xlsx, Sheet: Register, TestCase: TC_REGISTER_007
2026-05-13 16:24:28 INFO  core.utils.ExcelReader - Test data loaded successfully for: TC_REGISTER_007
2026-05-13 16:24:28 INFO  core.utils.ExcelReader - Reading test data from Excel. File: src/test/resources/testdata/RegisterData.xlsx, Sheet: Register, TestCase: TC_REGISTER_009
2026-05-13 16:24:28 INFO  core.utils.ExcelReader - Reading test data from Excel. File: src/test/resources/testdata/RegisterData.xlsx, Sheet: Register, TestCase: TC_REGISTER_010
2026-05-13 16:24:28 INFO  core.utils.ExcelReader - Test data loaded successfully for: TC_REGISTER_009
2026-05-13 16:24:28 INFO  core.utils.ExcelReader - Test data loaded successfully for: TC_REGISTER_010
2026-05-13 16:24:29 INFO  core.utils.ExcelReader - Reading test data from Excel. File: src/test/resources/testdata/RegisterData.xlsx, Sheet: Register, TestCase: TC_REGISTER_008
2026-05-13 16:24:29 INFO  core.utils.ExcelReader - Test data loaded successfully for: TC_REGISTER_008
2026-05-13 16:24:29 INFO  core.utils.ExcelReader - Reading test data from Excel. File: src/test/resources/testdata/RegisterData.xlsx, Sheet: Register, TestCase: TC_REGISTER_005
2026-05-13 16:24:29 INFO  core.utils.ExcelReader - Test data loaded successfully for: TC_REGISTER_005
2026-05-13 16:24:30 INFO  core.utils.ExcelReader - Reading test data from Excel. File: src/test/resources/testdata/RegisterData.xlsx, Sheet: Register, TestCase: TC_REGISTER_004
2026-05-13 16:24:30 INFO  core.utils.ExcelReader - Test data loaded successfully for: TC_REGISTER_004
2026-05-13 16:24:32 INFO  core.driver.DriverFactory - Driver closed successfully
2026-05-13 16:24:32 INFO  core.hooks.Hooks - Finished Scenario: Register validation tests
2026-05-13 16:24:32 INFO  core.driver.DriverFactory - Initializing browser: chrome
2026-05-13 16:24:32 INFO  core.driver.DriverFactory - Headless mode: false
2026-05-13 16:24:32 INFO  core.driver.DriverFactory - Healenium enabled: false
2026-05-13 16:24:32 INFO  core.driver.DriverFactory - Driver closed successfully
2026-05-13 16:24:32 INFO  core.hooks.Hooks - Finished Scenario: Register validation tests
2026-05-13 16:24:32 INFO  core.driver.DriverFactory - Driver closed successfully
2026-05-13 16:24:32 INFO  core.hooks.Hooks - Finished Scenario: Register validation tests
2026-05-13 16:24:32 INFO  core.driver.DriverFactory - Driver closed successfully
2026-05-13 16:24:32 INFO  core.hooks.Hooks - Finished Scenario: Register validation tests
2026-05-13 16:24:32 INFO  core.driver.DriverFactory - Driver closed successfully
2026-05-13 16:24:32 INFO  core.hooks.Hooks - Finished Scenario: Register validation tests
2026-05-13 16:24:38 INFO  core.driver.DriverFactory - Browser initialized successfully
2026-05-13 16:24:38 INFO  core.hooks.Hooks - Starting Scenario: Register validation tests
2026-05-13 16:24:40 INFO  core.utils.ExcelReader - Reading test data from Excel. File: src/test/resources/testdata/RegisterData.xlsx, Sheet: Register, TestCase: TC_REGISTER_011
2026-05-13 16:24:40 INFO  core.utils.ExcelReader - Test data loaded successfully for: TC_REGISTER_011
2026-05-13 16:24:42 INFO  core.driver.DriverFactory - Driver closed successfully
2026-05-13 16:24:42 INFO  core.hooks.Hooks - Finished Scenario: Register validation tests
2026-05-13 16:24:42 INFO  core.driver.DriverFactory - Driver closed successfully
2026-05-13 16:24:42 INFO  core.hooks.Hooks - Finished Scenario: Register validation tests
2026-05-13 16:24:42 INFO  core.driver.DriverFactory - Driver closed successfully
2026-05-13 16:24:42 INFO  core.hooks.Hooks - Finished Scenario: Register validation tests
2026-05-13 16:24:42 INFO  core.driver.DriverFactory - Driver closed successfully
2026-05-13 16:24:42 INFO  core.hooks.Hooks - Finished Scenario: Register validation tests
2026-05-13 16:24:42 INFO  core.driver.DriverFactory - Driver closed successfully
2026-05-13 16:24:42 INFO  core.hooks.Hooks - Finished Scenario: Register validation tests
2026-05-13 16:24:43 INFO  core.utils.ExcelReader - Reading test data from Excel. File: src/test/resources/testdata/RegisterData.xlsx, Sheet: Register, TestCase: TC_REGISTER_011
2026-05-13 16:24:43 INFO  core.utils.ExcelReader - Test data loaded successfully for: TC_REGISTER_011
2026-05-13 16:24:54 INFO  core.driver.DriverFactory - Driver closed successfully
2026-05-13 16:24:54 INFO  core.hooks.Hooks - Finished Scenario: Register validation tests
2026-05-13 16:50:14 INFO  core.driver.DriverFactory - Initializing browser: chrome
2026-05-13 16:50:14 INFO  core.driver.DriverFactory - Initializing browser: chrome
2026-05-13 16:50:14 INFO  core.driver.DriverFactory - Initializing browser: chrome
2026-05-13 16:50:14 INFO  core.driver.DriverFactory - Initializing browser: chrome
2026-05-13 16:50:14 INFO  core.driver.DriverFactory - Initializing browser: chrome
2026-05-13 16:50:14 INFO  core.driver.DriverFactory - Initializing browser: chrome
2026-05-13 16:50:14 INFO  core.driver.DriverFactory - Headless mode: false
2026-05-13 16:50:14 INFO  core.driver.DriverFactory - Initializing browser: chrome
2026-05-13 16:50:14 INFO  core.driver.DriverFactory - Headless mode: false
2026-05-13 16:50:14 INFO  core.driver.DriverFactory - Headless mode: false
2026-05-13 16:50:14 INFO  core.driver.DriverFactory - Initializing browser: chrome
2026-05-13 16:50:14 INFO  core.driver.DriverFactory - Headless mode: false
2026-05-13 16:50:14 INFO  core.driver.DriverFactory - Initializing browser: chrome
2026-05-13 16:50:14 INFO  core.driver.DriverFactory - Healenium enabled: false
2026-05-13 16:50:14 INFO  core.driver.DriverFactory - Initializing browser: chrome
2026-05-13 16:50:14 INFO  core.driver.DriverFactory - Headless mode: false
2026-05-13 16:50:14 INFO  core.driver.DriverFactory - Healenium enabled: false
2026-05-13 16:50:14 INFO  core.driver.DriverFactory - Headless mode: false
2026-05-13 16:50:14 INFO  core.driver.DriverFactory - Healenium enabled: false
2026-05-13 16:50:14 INFO  core.driver.DriverFactory - Headless mode: false
2026-05-13 16:50:14 INFO  core.driver.DriverFactory - Headless mode: false
2026-05-13 16:50:14 INFO  core.driver.DriverFactory - Headless mode: false
2026-05-13 16:50:14 INFO  core.driver.DriverFactory - Healenium enabled: false
2026-05-13 16:50:14 INFO  core.driver.DriverFactory - Healenium enabled: false
2026-05-13 16:50:14 INFO  core.driver.DriverFactory - Headless mode: false
2026-05-13 16:50:14 INFO  core.driver.DriverFactory - Healenium enabled: false
2026-05-13 16:50:14 INFO  core.driver.DriverFactory - Healenium enabled: false
2026-05-13 16:50:14 INFO  core.driver.DriverFactory - Healenium enabled: false
2026-05-13 16:50:14 INFO  core.driver.DriverFactory - Healenium enabled: false
2026-05-13 16:50:14 INFO  core.driver.DriverFactory - Healenium enabled: false
2026-05-13 16:50:22 INFO  core.driver.DriverFactory - Browser initialized successfully
2026-05-13 16:50:22 INFO  core.hooks.Hooks - Starting Scenario: Register validation tests
2026-05-13 16:50:22 INFO  core.driver.DriverFactory - Browser initialized successfully
2026-05-13 16:50:22 INFO  core.hooks.Hooks - Starting Scenario: Register validation tests
2026-05-13 16:50:22 INFO  core.driver.DriverFactory - Browser initialized successfully
2026-05-13 16:50:22 INFO  core.hooks.Hooks - Starting Scenario: Register validation tests
2026-05-13 16:50:22 INFO  core.driver.DriverFactory - Browser initialized successfully
2026-05-13 16:50:22 INFO  core.hooks.Hooks - Starting Scenario: Register validation tests
2026-05-13 16:50:23 INFO  core.driver.DriverFactory - Browser initialized successfully
2026-05-13 16:50:23 INFO  core.hooks.Hooks - Starting Scenario: Register validation tests
2026-05-13 16:50:23 INFO  core.driver.DriverFactory - Browser initialized successfully
2026-05-13 16:50:23 INFO  core.hooks.Hooks - Starting Scenario: Register validation tests
2026-05-13 16:50:23 INFO  core.driver.DriverFactory - Browser initialized successfully
2026-05-13 16:50:23 INFO  core.hooks.Hooks - Starting Scenario: Register validation tests
2026-05-13 16:50:23 INFO  core.driver.DriverFactory - Browser initialized successfully
2026-05-13 16:50:23 INFO  core.hooks.Hooks - Starting Scenario: Register validation tests
2026-05-13 16:50:23 INFO  core.utils.ExcelReader - Reading test data from Excel. File: src/test/resources/testdata/RegisterData.xlsx, Sheet: Register, TestCase: TC_REGISTER_006
2026-05-13 16:50:23 INFO  core.driver.DriverFactory - Browser initialized successfully
2026-05-13 16:50:23 INFO  core.hooks.Hooks - Starting Scenario: Register validation tests
2026-05-13 16:50:23 INFO  core.driver.DriverFactory - Browser initialized successfully
2026-05-13 16:50:23 INFO  core.hooks.Hooks - Starting Scenario: Register validation tests
2026-05-13 16:50:24 INFO  core.utils.ExcelReader - Reading test data from Excel. File: src/test/resources/testdata/RegisterData.xlsx, Sheet: Register, TestCase: TC_REGISTER_008
2026-05-13 16:50:24 INFO  core.utils.ExcelReader - Reading test data from Excel. File: src/test/resources/testdata/RegisterData.xlsx, Sheet: Register, TestCase: TC_REGISTER_005
2026-05-13 16:50:24 INFO  core.utils.ExcelReader - Reading test data from Excel. File: src/test/resources/testdata/RegisterData.xlsx, Sheet: Register, TestCase: TC_REGISTER_007
2026-05-13 16:50:25 INFO  core.utils.ExcelReader - Test data loaded successfully for: TC_REGISTER_005
2026-05-13 16:50:25 INFO  core.utils.ElementHelper - Typing text into element: By.name: username
2026-05-13 16:50:25 INFO  core.utils.ExcelReader - Test data loaded successfully for: TC_REGISTER_006
2026-05-13 16:50:25 INFO  core.utils.ElementHelper - Typing text into element: By.name: username
2026-05-13 16:50:25 INFO  core.utils.ExcelReader - Test data loaded successfully for: TC_REGISTER_007
2026-05-13 16:50:25 INFO  core.utils.ElementHelper - Typing text into element: By.name: username
2026-05-13 16:50:25 INFO  core.utils.ExcelReader - Test data loaded successfully for: TC_REGISTER_008
2026-05-13 16:50:25 INFO  core.utils.ElementHelper - Typing text into element: By.name: username
2026-05-13 16:50:25 INFO  core.utils.ExcelReader - Reading test data from Excel. File: src/test/resources/testdata/RegisterData.xlsx, Sheet: Register, TestCase: TC_REGISTER_003
2026-05-13 16:50:25 INFO  core.utils.ExcelReader - Test data loaded successfully for: TC_REGISTER_003
2026-05-13 16:50:25 INFO  core.utils.ElementHelper - Typing text into element: By.name: username
2026-05-13 16:50:25 INFO  core.utils.ExcelReader - Reading test data from Excel. File: src/test/resources/testdata/RegisterData.xlsx, Sheet: Register, TestCase: TC_REGISTER_009
2026-05-13 16:50:25 INFO  core.utils.ExcelReader - Test data loaded successfully for: TC_REGISTER_009
2026-05-13 16:50:25 INFO  core.utils.ElementHelper - Typing text into element: By.name: username
2026-05-13 16:50:26 INFO  core.utils.ExcelReader - Reading test data from Excel. File: src/test/resources/testdata/RegisterData.xlsx, Sheet: Register, TestCase: TC_REGISTER_002
2026-05-13 16:50:26 INFO  core.utils.ExcelReader - Test data loaded successfully for: TC_REGISTER_002
2026-05-13 16:50:26 INFO  core.utils.ElementHelper - Typing text into element: By.name: username
2026-05-13 16:50:27 INFO  core.utils.ExcelReader - Reading test data from Excel. File: src/test/resources/testdata/RegisterData.xlsx, Sheet: Register, TestCase: TC_REGISTER_004
2026-05-13 16:50:27 INFO  core.utils.ExcelReader - Test data loaded successfully for: TC_REGISTER_004
2026-05-13 16:50:27 INFO  core.utils.ElementHelper - Typing text into element: By.name: username
2026-05-13 16:50:27 INFO  core.utils.ExcelReader - Reading test data from Excel. File: src/test/resources/testdata/RegisterData.xlsx, Sheet: Register, TestCase: TC_REGISTER_001
2026-05-13 16:50:27 INFO  core.utils.ExcelReader - Reading test data from Excel. File: src/test/resources/testdata/RegisterData.xlsx, Sheet: Register, TestCase: TC_REGISTER_010
2026-05-13 16:50:27 INFO  core.utils.ExcelReader - Test data loaded successfully for: TC_REGISTER_001
2026-05-13 16:50:27 INFO  core.utils.ElementHelper - Typing text into element: By.name: username
2026-05-13 16:50:27 INFO  core.utils.ExcelReader - Test data loaded successfully for: TC_REGISTER_010
2026-05-13 16:50:27 INFO  core.utils.ElementHelper - Typing text into element: By.name: username
2026-05-13 16:50:27 INFO  core.utils.ElementHelper - Typing text into element: By.name: email
2026-05-13 16:50:27 INFO  core.utils.ElementHelper - Typing text into element: By.name: email
2026-05-13 16:50:28 INFO  core.utils.ElementHelper - Typing text into element: By.name: email
2026-05-13 16:50:28 INFO  core.utils.ElementHelper - Typing text into element: By.name: email
2026-05-13 16:50:28 INFO  core.utils.ElementHelper - Typing text into element: By.name: email
2026-05-13 16:50:28 INFO  core.utils.ElementHelper - Typing text into element: By.name: email
2026-05-13 16:50:28 INFO  core.utils.ElementHelper - Typing text into element: By.name: email
2026-05-13 16:50:28 INFO  core.utils.ElementHelper - Typing text into element: By.name: email
2026-05-13 16:50:28 INFO  core.utils.ElementHelper - Typing text into element: By.name: email
2026-05-13 16:50:28 INFO  core.utils.ElementHelper - Typing text into element: By.name: email
2026-05-13 16:50:28 INFO  core.utils.ElementHelper - Typing text into element: By.name: password
2026-05-13 16:50:28 INFO  core.utils.ElementHelper - Typing text into element: By.name: password
2026-05-13 16:50:28 INFO  core.utils.ElementHelper - Typing text into element: By.name: password
2026-05-13 16:50:28 INFO  core.utils.ElementHelper - Typing text into element: By.name: password
2026-05-13 16:50:28 INFO  core.utils.ElementHelper - Typing text into element: By.name: password
2026-05-13 16:50:28 INFO  core.utils.ElementHelper - Typing text into element: By.name: password
2026-05-13 16:50:28 INFO  core.utils.ElementHelper - Typing text into element: By.name: password
2026-05-13 16:50:29 INFO  core.utils.ElementHelper - Typing text into element: By.name: password
2026-05-13 16:50:29 INFO  core.utils.ElementHelper - Typing text into element: By.name: password
2026-05-13 16:50:29 INFO  core.utils.ElementHelper - Typing text into element: By.name: password
2026-05-13 16:50:29 INFO  core.utils.ElementHelper - Typing text into element: By.name: confirmPassword
2026-05-13 16:50:29 INFO  core.utils.ElementHelper - Typing text into element: By.name: confirmPassword
2026-05-13 16:50:29 INFO  core.utils.ElementHelper - Typing text into element: By.name: confirmPassword
2026-05-13 16:50:29 INFO  core.utils.ElementHelper - Typing text into element: By.name: confirmPassword
2026-05-13 16:50:29 INFO  core.utils.ElementHelper - Clicking element: By.xpath: //button[contains(text(),'Create Account')]
2026-05-13 16:50:29 INFO  core.utils.ElementHelper - Typing text into element: By.name: confirmPassword
2026-05-13 16:50:29 INFO  core.utils.ElementHelper - Typing text into element: By.name: confirmPassword
2026-05-13 16:50:29 INFO  core.utils.ElementHelper - Typing text into element: By.name: confirmPassword
2026-05-13 16:50:29 INFO  core.utils.ElementHelper - Typing text into element: By.name: confirmPassword
2026-05-13 16:50:29 INFO  core.utils.ElementHelper - Typing text into element: By.name: confirmPassword
2026-05-13 16:50:29 INFO  core.utils.ElementHelper - Typing text into element: By.name: confirmPassword
2026-05-13 16:50:30 INFO  core.utils.ElementHelper - Clicking element: By.xpath: //button[contains(text(),'Create Account')]
2026-05-13 16:50:30 INFO  core.utils.ElementHelper - Clicking element: By.xpath: //button[contains(text(),'Create Account')]
2026-05-13 16:50:30 INFO  core.utils.ElementHelper - Clicking element: By.xpath: //button[contains(text(),'Create Account')]
2026-05-13 16:50:30 INFO  core.utils.ElementHelper - Clicking element: By.xpath: //button[contains(text(),'Create Account')]
2026-05-13 16:50:30 INFO  core.utils.ElementHelper - Clicking element: By.xpath: //button[contains(text(),'Create Account')]
2026-05-13 16:50:30 INFO  core.utils.ElementHelper - Clicking element: By.xpath: //button[contains(text(),'Create Account')]
2026-05-13 16:50:30 INFO  core.utils.ElementHelper - Clicking element: By.xpath: //button[contains(text(),'Create Account')]
2026-05-13 16:50:30 INFO  core.utils.ElementHelper - Clicking element: By.xpath: //button[contains(text(),'Create Account')]
2026-05-13 16:50:30 INFO  core.utils.ElementHelper - Clicking element: By.xpath: //button[contains(text(),'Create Account')]
2026-05-13 16:50:31 WARN  core.utils.ElementHelper - Normal click failed. Using JS click for: By.xpath: //button[contains(text(),'Create Account')]
2026-05-13 16:50:31 INFO  core.utils.ElementHelper - Scrolling to element: By.xpath: //button[contains(text(),'Create Account')]
2026-05-13 16:50:31 INFO  core.utils.ExcelReader - Reading test data from Excel. File: src/test/resources/testdata/RegisterData.xlsx, Sheet: Register, TestCase: TC_REGISTER_010
2026-05-13 16:50:31 INFO  core.utils.ExcelReader - Test data loaded successfully for: TC_REGISTER_010
2026-05-13 16:50:31 INFO  core.utils.ElementHelper - Getting text from element: By.id: pw-match-msg
2026-05-13 16:50:31 WARN  core.utils.ElementHelper - Normal click failed. Using JS click for: By.xpath: //button[contains(text(),'Create Account')]
2026-05-13 16:50:31 INFO  core.utils.ElementHelper - Scrolling to element: By.xpath: //button[contains(text(),'Create Account')]
2026-05-13 16:50:31 WARN  core.utils.ElementHelper - Normal click failed. Using JS click for: By.xpath: //button[contains(text(),'Create Account')]
2026-05-13 16:50:31 INFO  core.utils.ElementHelper - Scrolling to element: By.xpath: //button[contains(text(),'Create Account')]
2026-05-13 16:50:31 WARN  core.utils.ElementHelper - Normal click failed. Using JS click for: By.xpath: //button[contains(text(),'Create Account')]
2026-05-13 16:50:31 WARN  core.utils.ElementHelper - Normal click failed. Using JS click for: By.xpath: //button[contains(text(),'Create Account')]
2026-05-13 16:50:31 INFO  core.utils.ExcelReader - Reading test data from Excel. File: src/test/resources/testdata/RegisterData.xlsx, Sheet: Register, TestCase: TC_REGISTER_003
2026-05-13 16:50:31 WARN  core.utils.ElementHelper - Normal click failed. Using JS click for: By.xpath: //button[contains(text(),'Create Account')]
2026-05-13 16:50:31 WARN  core.utils.ElementHelper - Normal click failed. Using JS click for: By.xpath: //button[contains(text(),'Create Account')]
2026-05-13 16:50:31 INFO  core.utils.ExcelReader - Test data loaded successfully for: TC_REGISTER_003
2026-05-13 16:50:31 INFO  core.utils.ElementHelper - Getting text from element: By.id: pw-match-msg
2026-05-13 16:50:31 WARN  core.utils.ElementHelper - Normal click failed. Using JS click for: By.xpath: //button[contains(text(),'Create Account')]
2026-05-13 16:50:31 WARN  core.utils.ElementHelper - Normal click failed. Using JS click for: By.xpath: //button[contains(text(),'Create Account')]
2026-05-13 16:50:31 INFO  core.utils.ElementHelper - Scrolling to element: By.xpath: //button[contains(text(),'Create Account')]
2026-05-13 16:50:31 WARN  core.utils.ElementHelper - Normal click failed. Using JS click for: By.xpath: //button[contains(text(),'Create Account')]
2026-05-13 16:50:31 INFO  core.utils.ElementHelper - Scrolling to element: By.xpath: //button[contains(text(),'Create Account')]
2026-05-13 16:50:31 INFO  core.utils.ElementHelper - Scrolling to element: By.xpath: //button[contains(text(),'Create Account')]
2026-05-13 16:50:31 INFO  core.utils.ExcelReader - Reading test data from Excel. File: src/test/resources/testdata/RegisterData.xlsx, Sheet: Register, TestCase: TC_REGISTER_006
2026-05-13 16:50:31 INFO  core.utils.ElementHelper - Scrolling to element: By.xpath: //button[contains(text(),'Create Account')]
2026-05-13 16:50:32 INFO  core.utils.ExcelReader - Test data loaded successfully for: TC_REGISTER_006
2026-05-13 16:50:32 INFO  core.utils.ElementHelper - Scrolling to element: By.xpath: //button[contains(text(),'Create Account')]
2026-05-13 16:50:32 INFO  core.utils.ElementHelper - Scrolling to element: By.xpath: //button[contains(text(),'Create Account')]
2026-05-13 16:50:32 INFO  core.utils.ElementHelper - Scrolling to element: By.xpath: //button[contains(text(),'Create Account')]
2026-05-13 16:50:32 INFO  core.utils.ExcelReader - Reading test data from Excel. File: src/test/resources/testdata/RegisterData.xlsx, Sheet: Register, TestCase: TC_REGISTER_009
2026-05-13 16:50:32 INFO  core.utils.ExcelReader - Test data loaded successfully for: TC_REGISTER_009
2026-05-13 16:50:32 INFO  core.utils.ExcelReader - Reading test data from Excel. File: src/test/resources/testdata/RegisterData.xlsx, Sheet: Register, TestCase: TC_REGISTER_002
2026-05-13 16:50:32 INFO  core.utils.ExcelReader - Test data loaded successfully for: TC_REGISTER_002
2026-05-13 16:50:32 INFO  core.utils.ExcelReader - Reading test data from Excel. File: src/test/resources/testdata/RegisterData.xlsx, Sheet: Register, TestCase: TC_REGISTER_001
2026-05-13 16:50:32 INFO  core.utils.ExcelReader - Test data loaded successfully for: TC_REGISTER_001
2026-05-13 16:50:32 INFO  core.utils.ElementHelper - Getting text from element: By.id: pw-match-msg
2026-05-13 16:50:32 INFO  core.utils.ExcelReader - Reading test data from Excel. File: src/test/resources/testdata/RegisterData.xlsx, Sheet: Register, TestCase: TC_REGISTER_007
2026-05-13 16:50:32 INFO  core.utils.ExcelReader - Test data loaded successfully for: TC_REGISTER_007
2026-05-13 16:50:33 INFO  core.utils.ExcelReader - Reading test data from Excel. File: src/test/resources/testdata/RegisterData.xlsx, Sheet: Register, TestCase: TC_REGISTER_008
2026-05-13 16:50:33 INFO  core.utils.ExcelReader - Test data loaded successfully for: TC_REGISTER_008
2026-05-13 16:50:33 INFO  core.utils.ElementHelper - Getting text from element: By.id: pw-match-msg
2026-05-13 16:50:33 INFO  core.utils.ExcelReader - Reading test data from Excel. File: src/test/resources/testdata/RegisterData.xlsx, Sheet: Register, TestCase: TC_REGISTER_004
2026-05-13 16:50:33 INFO  core.utils.ExcelReader - Reading test data from Excel. File: src/test/resources/testdata/RegisterData.xlsx, Sheet: Register, TestCase: TC_REGISTER_005
2026-05-13 16:50:33 INFO  core.utils.ExcelReader - Test data loaded successfully for: TC_REGISTER_004
2026-05-13 16:50:33 INFO  core.utils.ElementHelper - Getting text from element: By.id: pw-match-msg
2026-05-13 16:50:33 INFO  core.utils.ExcelReader - Test data loaded successfully for: TC_REGISTER_005
2026-05-13 16:50:33 INFO  core.utils.ElementHelper - Getting text from element: By.id: pw-match-msg
2026-05-13 16:50:36 INFO  core.driver.DriverFactory - Driver closed successfully
2026-05-13 16:50:36 INFO  core.hooks.Hooks - Finished Scenario: Register validation tests
2026-05-13 16:50:36 INFO  core.driver.DriverFactory - Initializing browser: chrome
2026-05-13 16:50:36 INFO  core.driver.DriverFactory - Headless mode: false
2026-05-13 16:50:36 INFO  core.driver.DriverFactory - Healenium enabled: false
2026-05-13 16:50:36 INFO  core.driver.DriverFactory - Driver closed successfully
2026-05-13 16:50:36 INFO  core.driver.DriverFactory - Driver closed successfully
2026-05-13 16:50:36 INFO  core.hooks.Hooks - Finished Scenario: Register validation tests
2026-05-13 16:50:36 INFO  core.hooks.Hooks - Finished Scenario: Register validation tests
2026-05-13 16:50:36 INFO  core.driver.DriverFactory - Driver closed successfully
2026-05-13 16:50:36 INFO  core.hooks.Hooks - Finished Scenario: Register validation tests
2026-05-13 16:50:36 INFO  core.driver.DriverFactory - Driver closed successfully
2026-05-13 16:50:36 INFO  core.hooks.Hooks - Finished Scenario: Register validation tests
2026-05-13 16:50:40 INFO  core.driver.DriverFactory - Browser initialized successfully
2026-05-13 16:50:40 INFO  core.hooks.Hooks - Starting Scenario: Register validation tests
2026-05-13 16:50:41 INFO  core.utils.ExcelReader - Reading test data from Excel. File: src/test/resources/testdata/RegisterData.xlsx, Sheet: Register, TestCase: TC_REGISTER_011
2026-05-13 16:50:41 INFO  core.utils.ExcelReader - Test data loaded successfully for: TC_REGISTER_011
2026-05-13 16:50:41 INFO  core.utils.ElementHelper - Typing text into element: By.name: username
2026-05-13 16:50:42 INFO  core.utils.ElementHelper - Typing text into element: By.name: email
2026-05-13 16:50:42 INFO  core.utils.ElementHelper - Typing text into element: By.name: password
2026-05-13 16:50:42 INFO  core.utils.ElementHelper - Typing text into element: By.name: confirmPassword
2026-05-13 16:50:43 INFO  core.utils.ElementHelper - Clicking element: By.xpath: //button[contains(text(),'Create Account')]
2026-05-13 16:50:43 INFO  core.driver.DriverFactory - Driver closed successfully
2026-05-13 16:50:43 INFO  core.hooks.Hooks - Finished Scenario: Register validation tests
2026-05-13 16:50:43 INFO  core.driver.DriverFactory - Driver closed successfully
2026-05-13 16:50:43 INFO  core.hooks.Hooks - Finished Scenario: Register validation tests
2026-05-13 16:50:44 WARN  core.utils.ElementHelper - Normal click failed. Using JS click for: By.xpath: //button[contains(text(),'Create Account')]
2026-05-13 16:50:44 INFO  core.utils.ElementHelper - Scrolling to element: By.xpath: //button[contains(text(),'Create Account')]
2026-05-13 16:50:44 INFO  core.utils.ExcelReader - Reading test data from Excel. File: src/test/resources/testdata/RegisterData.xlsx, Sheet: Register, TestCase: TC_REGISTER_011
2026-05-13 16:50:44 INFO  core.utils.ExcelReader - Test data loaded successfully for: TC_REGISTER_011
2026-05-13 16:50:44 INFO  core.utils.ElementHelper - Getting text from element: By.id: pw-match-msg
2026-05-13 16:50:44 INFO  core.driver.DriverFactory - Driver closed successfully
2026-05-13 16:50:44 INFO  core.hooks.Hooks - Finished Scenario: Register validation tests
2026-05-13 16:50:44 INFO  core.driver.DriverFactory - Driver closed successfully
2026-05-13 16:50:44 INFO  core.hooks.Hooks - Finished Scenario: Register validation tests
2026-05-13 16:50:44 INFO  core.driver.DriverFactory - Driver closed successfully
2026-05-13 16:50:44 INFO  core.hooks.Hooks - Finished Scenario: Register validation tests
2026-05-13 16:50:55 INFO  core.driver.DriverFactory - Driver closed successfully
2026-05-13 16:50:55 INFO  core.hooks.Hooks - Finished Scenario: Register validation tests
2026-05-13 16:51:57 INFO  core.driver.DriverFactory - Initializing browser: chrome
2026-05-13 16:51:57 INFO  core.driver.DriverFactory - Initializing browser: chrome
2026-05-13 16:51:57 INFO  core.driver.DriverFactory - Initializing browser: chrome
2026-05-13 16:51:57 INFO  core.driver.DriverFactory - Initializing browser: chrome
2026-05-13 16:51:57 INFO  core.driver.DriverFactory - Initializing browser: chrome
2026-05-13 16:51:57 INFO  core.driver.DriverFactory - Initializing browser: chrome
2026-05-13 16:51:57 INFO  core.driver.DriverFactory - Initializing browser: chrome
2026-05-13 16:51:57 INFO  core.driver.DriverFactory - Initializing browser: chrome
2026-05-13 16:51:57 INFO  core.driver.DriverFactory - Headless mode: false
2026-05-13 16:51:57 INFO  core.driver.DriverFactory - Headless mode: false
2026-05-13 16:51:57 INFO  core.driver.DriverFactory - Initializing browser: chrome
2026-05-13 16:51:57 INFO  core.driver.DriverFactory - Headless mode: false
2026-05-13 16:51:57 INFO  core.driver.DriverFactory - Headless mode: false
2026-05-13 16:51:57 INFO  core.driver.DriverFactory - Headless mode: false
2026-05-13 16:51:57 INFO  core.driver.DriverFactory - Initializing browser: chrome
2026-05-13 16:51:57 INFO  core.driver.DriverFactory - Healenium enabled: false
2026-05-13 16:51:57 INFO  core.driver.DriverFactory - Healenium enabled: false
2026-05-13 16:51:57 INFO  core.driver.DriverFactory - Healenium enabled: false
2026-05-13 16:51:57 INFO  core.driver.DriverFactory - Headless mode: false
2026-05-13 16:51:57 INFO  core.driver.DriverFactory - Headless mode: false
2026-05-13 16:51:57 INFO  core.driver.DriverFactory - Headless mode: false
2026-05-13 16:51:57 INFO  core.driver.DriverFactory - Healenium enabled: false
2026-05-13 16:51:57 INFO  core.driver.DriverFactory - Headless mode: false
2026-05-13 16:51:57 INFO  core.driver.DriverFactory - Healenium enabled: false
2026-05-13 16:51:57 INFO  core.driver.DriverFactory - Headless mode: false
2026-05-13 16:51:57 INFO  core.driver.DriverFactory - Healenium enabled: false
2026-05-13 16:51:57 INFO  core.driver.DriverFactory - Healenium enabled: false
2026-05-13 16:51:57 INFO  core.driver.DriverFactory - Healenium enabled: false
2026-05-13 16:51:57 INFO  core.driver.DriverFactory - Healenium enabled: false
2026-05-13 16:51:57 INFO  core.driver.DriverFactory - Healenium enabled: false
2026-05-13 16:52:07 INFO  core.driver.DriverFactory - Browser initialized successfully
2026-05-13 16:52:07 INFO  core.hooks.Hooks - Starting Scenario: Register validation tests
2026-05-13 16:52:07 INFO  core.driver.DriverFactory - Browser initialized successfully
2026-05-13 16:52:07 INFO  core.hooks.Hooks - Starting Scenario: Register validation tests
2026-05-13 16:52:07 INFO  core.driver.DriverFactory - Browser initialized successfully
2026-05-13 16:52:07 INFO  core.hooks.Hooks - Starting Scenario: Register validation tests
2026-05-13 16:52:07 INFO  core.driver.DriverFactory - Browser initialized successfully
2026-05-13 16:52:07 INFO  core.hooks.Hooks - Starting Scenario: Register validation tests
2026-05-13 16:52:07 INFO  core.driver.DriverFactory - Browser initialized successfully
2026-05-13 16:52:07 INFO  core.hooks.Hooks - Starting Scenario: Register validation tests
2026-05-13 16:52:08 INFO  core.driver.DriverFactory - Browser initialized successfully
2026-05-13 16:52:08 INFO  core.hooks.Hooks - Starting Scenario: Register validation tests
2026-05-13 16:52:08 INFO  core.driver.DriverFactory - Browser initialized successfully
2026-05-13 16:52:08 INFO  core.hooks.Hooks - Starting Scenario: Register validation tests
2026-05-13 16:52:08 INFO  core.driver.DriverFactory - Browser initialized successfully
2026-05-13 16:52:08 INFO  core.hooks.Hooks - Starting Scenario: Register validation tests
2026-05-13 16:52:08 INFO  core.driver.DriverFactory - Browser initialized successfully
2026-05-13 16:52:08 INFO  core.hooks.Hooks - Starting Scenario: Register validation tests
2026-05-13 16:52:08 INFO  core.driver.DriverFactory - Browser initialized successfully
2026-05-13 16:52:08 INFO  core.hooks.Hooks - Starting Scenario: Register validation tests
2026-05-13 16:52:09 INFO  core.utils.ExcelReader - Reading test data from Excel. File: src/test/resources/testdata/RegisterData.xlsx, Sheet: Register, TestCase: TC_REGISTER_002
2026-05-13 16:52:10 INFO  core.utils.ExcelReader - Reading test data from Excel. File: src/test/resources/testdata/RegisterData.xlsx, Sheet: Register, TestCase: TC_REGISTER_008
2026-05-13 16:52:10 INFO  core.utils.ExcelReader - Reading test data from Excel. File: src/test/resources/testdata/RegisterData.xlsx, Sheet: Register, TestCase: TC_REGISTER_003
2026-05-13 16:52:10 INFO  core.utils.ExcelReader - Reading test data from Excel. File: src/test/resources/testdata/RegisterData.xlsx, Sheet: Register, TestCase: TC_REGISTER_004
2026-05-13 16:52:10 INFO  core.utils.ExcelReader - Reading test data from Excel. File: src/test/resources/testdata/RegisterData.xlsx, Sheet: Register, TestCase: TC_REGISTER_009
2026-05-13 16:52:10 INFO  core.utils.ExcelReader - Reading test data from Excel. File: src/test/resources/testdata/RegisterData.xlsx, Sheet: Register, TestCase: TC_REGISTER_007
2026-05-13 16:52:11 INFO  core.utils.ExcelReader - Test data loaded successfully for: TC_REGISTER_003
2026-05-13 16:52:11 INFO  core.utils.ElementHelper - Typing text into element: By.name: username
2026-05-13 16:52:11 INFO  core.utils.ExcelReader - Test data loaded successfully for: TC_REGISTER_004
2026-05-13 16:52:11 INFO  core.utils.ExcelReader - Test data loaded successfully for: TC_REGISTER_008
2026-05-13 16:52:11 INFO  core.utils.ExcelReader - Test data loaded successfully for: TC_REGISTER_009
2026-05-13 16:52:11 INFO  core.utils.ElementHelper - Typing text into element: By.name: username
2026-05-13 16:52:11 INFO  core.utils.ElementHelper - Typing text into element: By.name: username
2026-05-13 16:52:11 INFO  core.utils.ExcelReader - Test data loaded successfully for: TC_REGISTER_007
2026-05-13 16:52:11 INFO  core.utils.ElementHelper - Typing text into element: By.name: username
2026-05-13 16:52:11 INFO  core.utils.ExcelReader - Test data loaded successfully for: TC_REGISTER_002
2026-05-13 16:52:11 INFO  core.utils.ElementHelper - Typing text into element: By.name: username
2026-05-13 16:52:11 INFO  core.utils.ElementHelper - Typing text into element: By.name: username
2026-05-13 16:52:12 INFO  core.utils.ExcelReader - Reading test data from Excel. File: src/test/resources/testdata/RegisterData.xlsx, Sheet: Register, TestCase: TC_REGISTER_001
2026-05-13 16:52:12 INFO  core.utils.ExcelReader - Test data loaded successfully for: TC_REGISTER_001
2026-05-13 16:52:12 INFO  core.utils.ElementHelper - Typing text into element: By.name: username
2026-05-13 16:52:12 INFO  core.utils.ExcelReader - Reading test data from Excel. File: src/test/resources/testdata/RegisterData.xlsx, Sheet: Register, TestCase: TC_REGISTER_010
2026-05-13 16:52:12 INFO  core.utils.ExcelReader - Reading test data from Excel. File: src/test/resources/testdata/RegisterData.xlsx, Sheet: Register, TestCase: TC_REGISTER_006
2026-05-13 16:52:12 INFO  core.utils.ExcelReader - Test data loaded successfully for: TC_REGISTER_010
2026-05-13 16:52:12 INFO  core.utils.ElementHelper - Typing text into element: By.name: username
2026-05-13 16:52:12 INFO  core.utils.ExcelReader - Test data loaded successfully for: TC_REGISTER_006
2026-05-13 16:52:12 INFO  core.utils.ElementHelper - Typing text into element: By.name: username
2026-05-13 16:52:12 INFO  core.utils.ExcelReader - Reading test data from Excel. File: src/test/resources/testdata/RegisterData.xlsx, Sheet: Register, TestCase: TC_REGISTER_005
2026-05-13 16:52:12 INFO  core.utils.ExcelReader - Test data loaded successfully for: TC_REGISTER_005
2026-05-13 16:52:12 INFO  core.utils.ElementHelper - Typing text into element: By.name: username
2026-05-13 16:52:13 INFO  core.utils.ElementHelper - Typing text into element: By.name: email
2026-05-13 16:52:13 INFO  core.utils.ElementHelper - Typing text into element: By.name: email
2026-05-13 16:52:13 INFO  core.utils.ElementHelper - Typing text into element: By.name: email
2026-05-13 16:52:13 INFO  core.utils.ElementHelper - Typing text into element: By.name: email
2026-05-13 16:52:13 INFO  core.utils.ElementHelper - Typing text into element: By.name: email
2026-05-13 16:52:13 INFO  core.utils.ElementHelper - Typing text into element: By.name: email
2026-05-13 16:52:13 INFO  core.utils.ElementHelper - Typing text into element: By.name: email
2026-05-13 16:52:13 INFO  core.utils.ElementHelper - Typing text into element: By.name: password
2026-05-13 16:52:13 INFO  core.utils.ElementHelper - Typing text into element: By.name: password
2026-05-13 16:52:13 INFO  core.utils.ElementHelper - Typing text into element: By.name: password
2026-05-13 16:52:14 INFO  core.utils.ElementHelper - Typing text into element: By.name: password
2026-05-13 16:52:14 INFO  core.utils.ElementHelper - Typing text into element: By.name: email
2026-05-13 16:52:14 INFO  core.utils.ElementHelper - Typing text into element: By.name: password
2026-05-13 16:52:14 INFO  core.utils.ElementHelper - Typing text into element: By.name: password
2026-05-13 16:52:14 INFO  core.utils.ElementHelper - Typing text into element: By.name: password
2026-05-13 16:52:14 INFO  core.utils.ElementHelper - Typing text into element: By.name: confirmPassword
2026-05-13 16:52:14 INFO  core.utils.ElementHelper - Typing text into element: By.name: confirmPassword
2026-05-13 16:52:14 INFO  core.utils.ElementHelper - Typing text into element: By.name: email
2026-05-13 16:52:14 INFO  core.utils.ElementHelper - Typing text into element: By.name: email
2026-05-13 16:52:15 INFO  core.utils.ElementHelper - Typing text into element: By.name: confirmPassword
2026-05-13 16:52:15 INFO  core.utils.ElementHelper - Typing text into element: By.name: password
2026-05-13 16:52:15 INFO  core.utils.ElementHelper - Clicking element: By.xpath: //button[contains(text(),'Create Account')]
2026-05-13 16:52:15 INFO  core.utils.ElementHelper - Typing text into element: By.name: confirmPassword
2026-05-13 16:52:15 INFO  core.utils.ElementHelper - Typing text into element: By.name: confirmPassword
2026-05-13 16:52:15 INFO  core.utils.ElementHelper - Typing text into element: By.name: confirmPassword
2026-05-13 16:52:15 INFO  core.utils.ElementHelper - Typing text into element: By.name: confirmPassword
2026-05-13 16:52:15 INFO  core.utils.ElementHelper - Typing text into element: By.name: password
2026-05-13 16:52:15 INFO  core.utils.ElementHelper - Clicking element: By.xpath: //button[contains(text(),'Create Account')]
2026-05-13 16:52:15 INFO  core.utils.ElementHelper - Typing text into element: By.name: password
2026-05-13 16:52:15 INFO  core.utils.ElementHelper - Clicking element: By.xpath: //button[contains(text(),'Create Account')]
2026-05-13 16:52:15 INFO  core.utils.ElementHelper - Typing text into element: By.name: confirmPassword
2026-05-13 16:52:16 INFO  core.utils.ElementHelper - Clicking element: By.xpath: //button[contains(text(),'Create Account')]
2026-05-13 16:52:16 INFO  core.utils.ElementHelper - Clicking element: By.xpath: //button[contains(text(),'Create Account')]
2026-05-13 16:52:16 INFO  core.utils.ElementHelper - Clicking element: By.xpath: //button[contains(text(),'Create Account')]
2026-05-13 16:52:16 INFO  core.utils.ElementHelper - Clicking element: By.xpath: //button[contains(text(),'Create Account')]
2026-05-13 16:52:16 INFO  core.utils.ElementHelper - Typing text into element: By.name: confirmPassword
2026-05-13 16:52:16 INFO  core.utils.ElementHelper - Typing text into element: By.name: confirmPassword
2026-05-13 16:52:16 INFO  core.utils.ElementHelper - Clicking element: By.xpath: //button[contains(text(),'Create Account')]
2026-05-13 16:52:16 WARN  core.utils.ElementHelper - Normal click failed. Using JS click for: By.xpath: //button[contains(text(),'Create Account')]
2026-05-13 16:52:16 INFO  core.utils.ElementHelper - Scrolling to element: By.xpath: //button[contains(text(),'Create Account')]
2026-05-13 16:52:16 INFO  core.utils.ElementHelper - Clicking element: By.xpath: //button[contains(text(),'Create Account')]
2026-05-13 16:52:16 INFO  core.utils.ExcelReader - Reading test data from Excel. File: src/test/resources/testdata/RegisterData.xlsx, Sheet: Register, TestCase: TC_REGISTER_001
2026-05-13 16:52:16 INFO  core.utils.ExcelReader - Test data loaded successfully for: TC_REGISTER_001
2026-05-13 16:52:16 INFO  core.utils.ElementHelper - Getting text from element: By.id: pw-match-msg
2026-05-13 16:52:17 INFO  core.utils.ElementHelper - Clicking element: By.xpath: //button[contains(text(),'Create Account')]
2026-05-13 16:52:17 WARN  core.utils.ElementHelper - Normal click failed. Using JS click for: By.xpath: //button[contains(text(),'Create Account')]
2026-05-13 16:52:17 WARN  core.utils.ElementHelper - Normal click failed. Using JS click for: By.xpath: //button[contains(text(),'Create Account')]
2026-05-13 16:52:17 INFO  core.utils.ElementHelper - Scrolling to element: By.xpath: //button[contains(text(),'Create Account')]
2026-05-13 16:52:17 INFO  core.utils.ElementHelper - Scrolling to element: By.xpath: //button[contains(text(),'Create Account')]
2026-05-13 16:52:17 WARN  core.utils.ElementHelper - Normal click failed. Using JS click for: By.xpath: //button[contains(text(),'Create Account')]
2026-05-13 16:52:17 WARN  core.utils.ElementHelper - Normal click failed. Using JS click for: By.xpath: //button[contains(text(),'Create Account')]
2026-05-13 16:52:17 INFO  core.utils.ExcelReader - Reading test data from Excel. File: src/test/resources/testdata/RegisterData.xlsx, Sheet: Register, TestCase: TC_REGISTER_002
2026-05-13 16:52:17 INFO  core.utils.ExcelReader - Reading test data from Excel. File: src/test/resources/testdata/RegisterData.xlsx, Sheet: Register, TestCase: TC_REGISTER_006
2026-05-13 16:52:17 INFO  core.utils.ExcelReader - Test data loaded successfully for: TC_REGISTER_002
2026-05-13 16:52:17 INFO  core.utils.ExcelReader - Test data loaded successfully for: TC_REGISTER_006
2026-05-13 16:52:17 WARN  core.utils.ElementHelper - Normal click failed. Using JS click for: By.xpath: //button[contains(text(),'Create Account')]
2026-05-13 16:52:17 WARN  core.utils.ElementHelper - Normal click failed. Using JS click for: By.xpath: //button[contains(text(),'Create Account')]
2026-05-13 16:52:17 INFO  core.utils.ElementHelper - Scrolling to element: By.xpath: //button[contains(text(),'Create Account')]
2026-05-13 16:52:17 INFO  core.utils.ElementHelper - Scrolling to element: By.xpath: //button[contains(text(),'Create Account')]
2026-05-13 16:52:17 INFO  core.utils.ElementHelper - Scrolling to element: By.xpath: //button[contains(text(),'Create Account')]
2026-05-13 16:52:17 INFO  core.utils.ElementHelper - Scrolling to element: By.xpath: //button[contains(text(),'Create Account')]
2026-05-13 16:52:18 WARN  core.utils.ElementHelper - Normal click failed. Using JS click for: By.xpath: //button[contains(text(),'Create Account')]
2026-05-13 16:52:18 INFO  core.utils.ExcelReader - Reading test data from Excel. File: src/test/resources/testdata/RegisterData.xlsx, Sheet: Register, TestCase: TC_REGISTER_007
2026-05-13 16:52:18 INFO  core.utils.ExcelReader - Reading test data from Excel. File: src/test/resources/testdata/RegisterData.xlsx, Sheet: Register, TestCase: TC_REGISTER_010
2026-05-13 16:52:18 INFO  core.utils.ExcelReader - Test data loaded successfully for: TC_REGISTER_010
2026-05-13 16:52:18 INFO  core.utils.ElementHelper - Getting text from element: By.id: pw-match-msg
2026-05-13 16:52:18 INFO  core.utils.ExcelReader - Test data loaded successfully for: TC_REGISTER_007
2026-05-13 16:52:18 WARN  core.utils.ElementHelper - Normal click failed. Using JS click for: By.xpath: //button[contains(text(),'Create Account')]
2026-05-13 16:52:18 WARN  core.utils.ElementHelper - Normal click failed. Using JS click for: By.xpath: //button[contains(text(),'Create Account')]
2026-05-13 16:52:18 INFO  core.utils.ElementHelper - Scrolling to element: By.xpath: //button[contains(text(),'Create Account')]
2026-05-13 16:52:18 INFO  core.utils.ElementHelper - Scrolling to element: By.xpath: //button[contains(text(),'Create Account')]
2026-05-13 16:52:18 INFO  core.utils.ElementHelper - Scrolling to element: By.xpath: //button[contains(text(),'Create Account')]
2026-05-13 16:52:18 INFO  core.utils.ExcelReader - Reading test data from Excel. File: src/test/resources/testdata/RegisterData.xlsx, Sheet: Register, TestCase: TC_REGISTER_008
2026-05-13 16:52:18 INFO  core.utils.ExcelReader - Reading test data from Excel. File: src/test/resources/testdata/RegisterData.xlsx, Sheet: Register, TestCase: TC_REGISTER_004
2026-05-13 16:52:19 INFO  core.utils.ExcelReader - Test data loaded successfully for: TC_REGISTER_008
2026-05-13 16:52:19 INFO  core.utils.ElementHelper - Getting text from element: By.id: pw-match-msg
2026-05-13 16:52:19 INFO  core.utils.ExcelReader - Test data loaded successfully for: TC_REGISTER_004
2026-05-13 16:52:19 INFO  core.utils.ElementHelper - Getting text from element: By.id: pw-match-msg
2026-05-13 16:52:19 INFO  core.utils.ExcelReader - Reading test data from Excel. File: src/test/resources/testdata/RegisterData.xlsx, Sheet: Register, TestCase: TC_REGISTER_009
2026-05-13 16:52:19 INFO  core.utils.ExcelReader - Test data loaded successfully for: TC_REGISTER_009
2026-05-13 16:52:19 INFO  core.utils.ExcelReader - Reading test data from Excel. File: src/test/resources/testdata/RegisterData.xlsx, Sheet: Register, TestCase: TC_REGISTER_003
2026-05-13 16:52:19 INFO  core.utils.ExcelReader - Test data loaded successfully for: TC_REGISTER_003
2026-05-13 16:52:19 INFO  core.utils.ElementHelper - Getting text from element: By.id: pw-match-msg
2026-05-13 16:52:20 INFO  core.utils.ExcelReader - Reading test data from Excel. File: src/test/resources/testdata/RegisterData.xlsx, Sheet: Register, TestCase: TC_REGISTER_005
2026-05-13 16:52:20 INFO  core.utils.ExcelReader - Test data loaded successfully for: TC_REGISTER_005
2026-05-13 16:52:20 INFO  core.utils.ElementHelper - Getting text from element: By.id: pw-match-msg
2026-05-13 16:52:22 INFO  core.driver.DriverFactory - Driver closed successfully
2026-05-13 16:52:22 INFO  core.driver.DriverFactory - Driver closed successfully
2026-05-13 16:52:22 INFO  core.hooks.Hooks - Finished Scenario: Register validation tests
2026-05-13 16:52:22 INFO  core.hooks.Hooks - Finished Scenario: Register validation tests
2026-05-13 16:52:22 INFO  core.driver.DriverFactory - Initializing browser: chrome
2026-05-13 16:52:22 INFO  core.driver.DriverFactory - Driver closed successfully
2026-05-13 16:52:22 INFO  core.driver.DriverFactory - Headless mode: false
2026-05-13 16:52:22 INFO  core.hooks.Hooks - Finished Scenario: Register validation tests
2026-05-13 16:52:22 INFO  core.driver.DriverFactory - Healenium enabled: false
2026-05-13 16:52:22 INFO  core.driver.DriverFactory - Driver closed successfully
2026-05-13 16:52:22 INFO  core.hooks.Hooks - Finished Scenario: Register validation tests
2026-05-13 16:52:22 INFO  core.driver.DriverFactory - Driver closed successfully
2026-05-13 16:52:22 INFO  core.hooks.Hooks - Finished Scenario: Register validation tests
2026-05-13 16:52:26 INFO  core.driver.DriverFactory - Browser initialized successfully
2026-05-13 16:52:26 INFO  core.hooks.Hooks - Starting Scenario: Register validation tests
2026-05-13 16:52:27 INFO  core.utils.ExcelReader - Reading test data from Excel. File: src/test/resources/testdata/RegisterData.xlsx, Sheet: Register, TestCase: TC_REGISTER_011
2026-05-13 16:52:27 INFO  core.utils.ExcelReader - Test data loaded successfully for: TC_REGISTER_011
2026-05-13 16:52:27 INFO  core.utils.ElementHelper - Typing text into element: By.name: username
2026-05-13 16:52:28 INFO  core.utils.ElementHelper - Typing text into element: By.name: email
2026-05-13 16:52:28 INFO  core.utils.ElementHelper - Typing text into element: By.name: password
2026-05-13 16:52:28 INFO  core.utils.ElementHelper - Typing text into element: By.name: confirmPassword
2026-05-13 16:52:29 INFO  core.utils.ElementHelper - Clicking element: By.xpath: //button[contains(text(),'Create Account')]
2026-05-13 16:52:29 INFO  core.driver.DriverFactory - Driver closed successfully
2026-05-13 16:52:29 INFO  core.hooks.Hooks - Finished Scenario: Register validation tests
2026-05-13 16:52:30 INFO  core.driver.DriverFactory - Driver closed successfully
2026-05-13 16:52:30 INFO  core.hooks.Hooks - Finished Scenario: Register validation tests
2026-05-13 16:52:30 INFO  core.driver.DriverFactory - Driver closed successfully
2026-05-13 16:52:30 INFO  core.hooks.Hooks - Finished Scenario: Register validation tests
2026-05-13 16:52:30 WARN  core.utils.ElementHelper - Normal click failed. Using JS click for: By.xpath: //button[contains(text(),'Create Account')]
2026-05-13 16:52:30 INFO  core.utils.ElementHelper - Scrolling to element: By.xpath: //button[contains(text(),'Create Account')]
2026-05-13 16:52:30 INFO  core.utils.ExcelReader - Reading test data from Excel. File: src/test/resources/testdata/RegisterData.xlsx, Sheet: Register, TestCase: TC_REGISTER_011
2026-05-13 16:52:30 INFO  core.utils.ExcelReader - Test data loaded successfully for: TC_REGISTER_011
2026-05-13 16:52:30 INFO  core.utils.ElementHelper - Getting text from element: By.id: pw-match-msg
2026-05-13 16:52:31 INFO  core.driver.DriverFactory - Driver closed successfully
2026-05-13 16:52:31 INFO  core.hooks.Hooks - Finished Scenario: Register validation tests
2026-05-13 16:52:31 INFO  core.driver.DriverFactory - Driver closed successfully
2026-05-13 16:52:31 INFO  core.hooks.Hooks - Finished Scenario: Register validation tests
2026-05-13 16:52:42 INFO  core.driver.DriverFactory - Driver closed successfully
2026-05-13 16:52:42 INFO  core.hooks.Hooks - Finished Scenario: Register validation tests
2026-05-13 16:52:55 INFO  core.driver.DriverFactory - Initializing browser: chrome
2026-05-13 16:52:55 INFO  core.driver.DriverFactory - Initializing browser: chrome
2026-05-13 16:52:55 INFO  core.driver.DriverFactory - Initializing browser: chrome
2026-05-13 16:52:55 INFO  core.driver.DriverFactory - Initializing browser: chrome
2026-05-13 16:52:55 INFO  core.driver.DriverFactory - Initializing browser: chrome
2026-05-13 16:52:55 INFO  core.driver.DriverFactory - Initializing browser: chrome
2026-05-13 16:52:55 INFO  core.driver.DriverFactory - Initializing browser: chrome
2026-05-13 16:52:55 INFO  core.driver.DriverFactory - Headless mode: false
2026-05-13 16:52:55 INFO  core.driver.DriverFactory - Initializing browser: chrome
2026-05-13 16:52:55 INFO  core.driver.DriverFactory - Headless mode: false
2026-05-13 16:52:55 INFO  core.driver.DriverFactory - Headless mode: false
2026-05-13 16:52:55 INFO  core.driver.DriverFactory - Healenium enabled: false
2026-05-13 16:52:55 INFO  core.driver.DriverFactory - Headless mode: false
2026-05-13 16:52:55 INFO  core.driver.DriverFactory - Initializing browser: chrome
2026-05-13 16:52:55 INFO  core.driver.DriverFactory - Initializing browser: chrome
2026-05-13 16:52:55 INFO  core.driver.DriverFactory - Healenium enabled: false
2026-05-13 16:52:55 INFO  core.driver.DriverFactory - Headless mode: false
2026-05-13 16:52:55 INFO  core.driver.DriverFactory - Headless mode: false
2026-05-13 16:52:55 INFO  core.driver.DriverFactory - Headless mode: false
2026-05-13 16:52:55 INFO  core.driver.DriverFactory - Headless mode: false
2026-05-13 16:52:55 INFO  core.driver.DriverFactory - Healenium enabled: false
2026-05-13 16:52:55 INFO  core.driver.DriverFactory - Healenium enabled: false
2026-05-13 16:52:55 INFO  core.driver.DriverFactory - Healenium enabled: false
2026-05-13 16:52:55 INFO  core.driver.DriverFactory - Healenium enabled: false
2026-05-13 16:52:55 INFO  core.driver.DriverFactory - Headless mode: false
2026-05-13 16:52:55 INFO  core.driver.DriverFactory - Healenium enabled: false
2026-05-13 16:52:55 INFO  core.driver.DriverFactory - Healenium enabled: false
2026-05-13 16:52:55 INFO  core.driver.DriverFactory - Headless mode: false
2026-05-13 16:52:55 INFO  core.driver.DriverFactory - Healenium enabled: false
2026-05-13 16:52:55 INFO  core.driver.DriverFactory - Healenium enabled: false
2026-05-13 16:53:06 INFO  core.driver.DriverFactory - Browser initialized successfully
2026-05-13 16:53:06 INFO  core.hooks.Hooks - Starting Scenario: Register validation tests
2026-05-13 16:53:06 INFO  core.driver.DriverFactory - Browser initialized successfully
2026-05-13 16:53:06 INFO  core.hooks.Hooks - Starting Scenario: Register validation tests
2026-05-13 16:53:06 INFO  core.driver.DriverFactory - Browser initialized successfully
2026-05-13 16:53:06 INFO  core.hooks.Hooks - Starting Scenario: Register validation tests
2026-05-13 16:53:06 INFO  core.driver.DriverFactory - Browser initialized successfully
2026-05-13 16:53:06 INFO  core.driver.DriverFactory - Browser initialized successfully
2026-05-13 16:53:06 INFO  core.hooks.Hooks - Starting Scenario: Register validation tests
2026-05-13 16:53:06 INFO  core.hooks.Hooks - Starting Scenario: Register validation tests
2026-05-13 16:53:06 INFO  core.driver.DriverFactory - Browser initialized successfully
2026-05-13 16:53:06 INFO  core.hooks.Hooks - Starting Scenario: Register validation tests
2026-05-13 16:53:06 INFO  core.driver.DriverFactory - Browser initialized successfully
2026-05-13 16:53:06 INFO  core.hooks.Hooks - Starting Scenario: Register validation tests
2026-05-13 16:53:06 INFO  core.driver.DriverFactory - Browser initialized successfully
2026-05-13 16:53:06 INFO  core.driver.DriverFactory - Browser initialized successfully
2026-05-13 16:53:06 INFO  core.hooks.Hooks - Starting Scenario: Register validation tests
2026-05-13 16:53:06 INFO  core.hooks.Hooks - Starting Scenario: Register validation tests
2026-05-13 16:53:06 INFO  core.driver.DriverFactory - Browser initialized successfully
2026-05-13 16:53:06 INFO  core.hooks.Hooks - Starting Scenario: Register validation tests
2026-05-13 16:53:07 INFO  core.utils.ExcelReader - Reading test data from Excel. File: src/test/resources/testdata/RegisterData.xlsx, Sheet: Register, TestCase: TC_REGISTER_004
2026-05-13 16:53:07 INFO  core.utils.ExcelReader - Reading test data from Excel. File: src/test/resources/testdata/RegisterData.xlsx, Sheet: Register, TestCase: TC_REGISTER_003
2026-05-13 16:53:07 INFO  core.utils.ExcelReader - Reading test data from Excel. File: src/test/resources/testdata/RegisterData.xlsx, Sheet: Register, TestCase: TC_REGISTER_001
2026-05-13 16:53:07 INFO  core.utils.ExcelReader - Reading test data from Excel. File: src/test/resources/testdata/RegisterData.xlsx, Sheet: Register, TestCase: TC_REGISTER_005
2026-05-13 16:53:09 INFO  core.utils.ExcelReader - Test data loaded successfully for: TC_REGISTER_003
2026-05-13 16:53:09 INFO  core.utils.ExcelReader - Test data loaded successfully for: TC_REGISTER_005
2026-05-13 16:53:09 INFO  core.utils.ElementHelper - Typing text into element: By.name: username
2026-05-13 16:53:09 INFO  core.utils.ElementHelper - Typing text into element: By.name: username
2026-05-13 16:53:09 INFO  core.utils.ExcelReader - Test data loaded successfully for: TC_REGISTER_001
2026-05-13 16:53:09 INFO  core.utils.ElementHelper - Typing text into element: By.name: username
2026-05-13 16:53:09 INFO  core.utils.ExcelReader - Test data loaded successfully for: TC_REGISTER_004
2026-05-13 16:53:09 INFO  core.utils.ElementHelper - Typing text into element: By.name: username
2026-05-13 16:53:11 INFO  core.utils.ExcelReader - Reading test data from Excel. File: src/test/resources/testdata/RegisterData.xlsx, Sheet: Register, TestCase: TC_REGISTER_007
2026-05-13 16:53:11 INFO  core.utils.ExcelReader - Test data loaded successfully for: TC_REGISTER_007
2026-05-13 16:53:11 INFO  core.utils.ElementHelper - Typing text into element: By.name: username
2026-05-13 16:53:11 INFO  core.utils.ExcelReader - Reading test data from Excel. File: src/test/resources/testdata/RegisterData.xlsx, Sheet: Register, TestCase: TC_REGISTER_008
2026-05-13 16:53:11 INFO  core.utils.ExcelReader - Test data loaded successfully for: TC_REGISTER_008
2026-05-13 16:53:11 INFO  core.utils.ElementHelper - Typing text into element: By.name: username
2026-05-13 16:53:11 INFO  core.utils.ExcelReader - Reading test data from Excel. File: src/test/resources/testdata/RegisterData.xlsx, Sheet: Register, TestCase: TC_REGISTER_002
2026-05-13 16:53:11 INFO  core.utils.ExcelReader - Reading test data from Excel. File: src/test/resources/testdata/RegisterData.xlsx, Sheet: Register, TestCase: TC_REGISTER_009
2026-05-13 16:53:11 INFO  core.utils.ExcelReader - Test data loaded successfully for: TC_REGISTER_009
2026-05-13 16:53:11 INFO  core.utils.ElementHelper - Typing text into element: By.name: username
2026-05-13 16:53:11 INFO  core.utils.ExcelReader - Test data loaded successfully for: TC_REGISTER_002
2026-05-13 16:53:11 INFO  core.utils.ElementHelper - Typing text into element: By.name: username
2026-05-13 16:53:11 INFO  core.utils.ExcelReader - Reading test data from Excel. File: src/test/resources/testdata/RegisterData.xlsx, Sheet: Register, TestCase: TC_REGISTER_010
2026-05-13 16:53:11 INFO  core.utils.ExcelReader - Test data loaded successfully for: TC_REGISTER_010
2026-05-13 16:53:11 INFO  core.utils.ElementHelper - Typing text into element: By.name: username
2026-05-13 16:53:12 INFO  core.utils.ExcelReader - Reading test data from Excel. File: src/test/resources/testdata/RegisterData.xlsx, Sheet: Register, TestCase: TC_REGISTER_006
2026-05-13 16:53:13 INFO  core.utils.ExcelReader - Test data loaded successfully for: TC_REGISTER_006
2026-05-13 16:53:13 INFO  core.utils.ElementHelper - Typing text into element: By.name: username
2026-05-13 16:53:13 INFO  core.utils.ElementHelper - Typing text into element: By.name: email
2026-05-13 16:53:13 INFO  core.utils.ElementHelper - Typing text into element: By.name: email
2026-05-13 16:53:13 INFO  core.utils.ElementHelper - Typing text into element: By.name: email
2026-05-13 16:53:13 INFO  core.utils.ElementHelper - Typing text into element: By.name: email
2026-05-13 16:53:13 INFO  core.utils.ElementHelper - Typing text into element: By.name: email
2026-05-13 16:53:13 INFO  core.utils.ElementHelper - Typing text into element: By.name: email
2026-05-13 16:53:13 INFO  core.utils.ElementHelper - Typing text into element: By.name: email
2026-05-13 16:53:13 INFO  core.utils.ElementHelper - Typing text into element: By.name: email
2026-05-13 16:53:13 INFO  core.utils.ElementHelper - Typing text into element: By.name: email
2026-05-13 16:53:14 INFO  core.utils.ElementHelper - Typing text into element: By.name: password
2026-05-13 16:53:14 INFO  core.utils.ElementHelper - Typing text into element: By.name: email
2026-05-13 16:53:14 INFO  core.utils.ElementHelper - Typing text into element: By.name: password
2026-05-13 16:53:14 INFO  core.utils.ElementHelper - Typing text into element: By.name: password
2026-05-13 16:53:14 INFO  core.utils.ElementHelper - Typing text into element: By.name: password
2026-05-13 16:53:14 INFO  core.utils.ElementHelper - Typing text into element: By.name: password
2026-05-13 16:53:14 INFO  core.utils.ElementHelper - Typing text into element: By.name: password
2026-05-13 16:53:14 INFO  core.utils.ElementHelper - Typing text into element: By.name: password
2026-05-13 16:53:14 INFO  core.utils.ElementHelper - Typing text into element: By.name: password
2026-05-13 16:53:14 INFO  core.utils.ElementHelper - Typing text into element: By.name: confirmPassword
2026-05-13 16:53:14 INFO  core.utils.ElementHelper - Typing text into element: By.name: password
2026-05-13 16:53:15 INFO  core.utils.ElementHelper - Typing text into element: By.name: password
2026-05-13 16:53:15 INFO  core.utils.ElementHelper - Typing text into element: By.name: confirmPassword
2026-05-13 16:53:15 INFO  core.utils.ElementHelper - Clicking element: By.xpath: //button[contains(text(),'Create Account')]
2026-05-13 16:53:15 INFO  core.utils.ElementHelper - Typing text into element: By.name: confirmPassword
2026-05-13 16:53:15 INFO  core.utils.ElementHelper - Typing text into element: By.name: confirmPassword
2026-05-13 16:53:15 INFO  core.utils.ElementHelper - Typing text into element: By.name: confirmPassword
2026-05-13 16:53:15 INFO  core.utils.ElementHelper - Typing text into element: By.name: confirmPassword
2026-05-13 16:53:15 INFO  core.utils.ElementHelper - Typing text into element: By.name: confirmPassword
2026-05-13 16:53:15 INFO  core.utils.ElementHelper - Typing text into element: By.name: confirmPassword
2026-05-13 16:53:15 INFO  core.utils.ElementHelper - Typing text into element: By.name: confirmPassword
2026-05-13 16:53:15 INFO  core.utils.ElementHelper - Typing text into element: By.name: confirmPassword
2026-05-13 16:53:16 INFO  core.utils.ElementHelper - Clicking element: By.xpath: //button[contains(text(),'Create Account')]
2026-05-13 16:53:16 INFO  core.utils.ElementHelper - Clicking element: By.xpath: //button[contains(text(),'Create Account')]
2026-05-13 16:53:16 INFO  core.utils.ElementHelper - Clicking element: By.xpath: //button[contains(text(),'Create Account')]
2026-05-13 16:53:16 INFO  core.utils.ElementHelper - Clicking element: By.xpath: //button[contains(text(),'Create Account')]
2026-05-13 16:53:16 INFO  core.utils.ElementHelper - Clicking element: By.xpath: //button[contains(text(),'Create Account')]
2026-05-13 16:53:16 INFO  core.utils.ElementHelper - Clicking element: By.xpath: //button[contains(text(),'Create Account')]
2026-05-13 16:53:16 INFO  core.utils.ElementHelper - Clicking element: By.xpath: //button[contains(text(),'Create Account')]
2026-05-13 16:53:16 INFO  core.utils.ElementHelper - Clicking element: By.xpath: //button[contains(text(),'Create Account')]
2026-05-13 16:53:16 INFO  core.utils.ElementHelper - Clicking element: By.xpath: //button[contains(text(),'Create Account')]
2026-05-13 16:53:16 WARN  core.utils.ElementHelper - Normal click failed. Using JS click for: By.xpath: //button[contains(text(),'Create Account')]
2026-05-13 16:53:17 INFO  core.utils.ElementHelper - Scrolling to element: By.xpath: //button[contains(text(),'Create Account')]
2026-05-13 16:53:17 INFO  core.utils.ExcelReader - Reading test data from Excel. File: src/test/resources/testdata/RegisterData.xlsx, Sheet: Register, TestCase: TC_REGISTER_004
2026-05-13 16:53:17 INFO  core.utils.ExcelReader - Test data loaded successfully for: TC_REGISTER_004
2026-05-13 16:53:17 INFO  core.utils.ElementHelper - Getting text from element: By.id: pw-match-msg
2026-05-13 16:53:17 WARN  core.utils.ElementHelper - Normal click failed. Using JS click for: By.xpath: //button[contains(text(),'Create Account')]
2026-05-13 16:53:17 WARN  core.utils.ElementHelper - Normal click failed. Using JS click for: By.xpath: //button[contains(text(),'Create Account')]
2026-05-13 16:53:17 WARN  core.utils.ElementHelper - Normal click failed. Using JS click for: By.xpath: //button[contains(text(),'Create Account')]
2026-05-13 16:53:17 WARN  core.utils.ElementHelper - Normal click failed. Using JS click for: By.xpath: //button[contains(text(),'Create Account')]
2026-05-13 16:53:17 WARN  core.utils.ElementHelper - Normal click failed. Using JS click for: By.xpath: //button[contains(text(),'Create Account')]
2026-05-13 16:53:17 WARN  core.utils.ElementHelper - Normal click failed. Using JS click for: By.xpath: //button[contains(text(),'Create Account')]
2026-05-13 16:53:17 WARN  core.utils.ElementHelper - Normal click failed. Using JS click for: By.xpath: //button[contains(text(),'Create Account')]
2026-05-13 16:53:17 WARN  core.utils.ElementHelper - Normal click failed. Using JS click for: By.xpath: //button[contains(text(),'Create Account')]
2026-05-13 16:53:17 WARN  core.utils.ElementHelper - Normal click failed. Using JS click for: By.xpath: //button[contains(text(),'Create Account')]
2026-05-13 16:53:18 INFO  core.utils.ElementHelper - Scrolling to element: By.xpath: //button[contains(text(),'Create Account')]
2026-05-13 16:53:18 INFO  core.utils.ElementHelper - Scrolling to element: By.xpath: //button[contains(text(),'Create Account')]
2026-05-13 16:53:18 INFO  core.utils.ElementHelper - Scrolling to element: By.xpath: //button[contains(text(),'Create Account')]
2026-05-13 16:53:18 INFO  core.utils.ElementHelper - Scrolling to element: By.xpath: //button[contains(text(),'Create Account')]
2026-05-13 16:53:18 INFO  core.utils.ElementHelper - Scrolling to element: By.xpath: //button[contains(text(),'Create Account')]
2026-05-13 16:53:18 INFO  core.utils.ElementHelper - Scrolling to element: By.xpath: //button[contains(text(),'Create Account')]
2026-05-13 16:53:18 INFO  core.utils.ElementHelper - Scrolling to element: By.xpath: //button[contains(text(),'Create Account')]
2026-05-13 16:53:18 INFO  core.utils.ElementHelper - Scrolling to element: By.xpath: //button[contains(text(),'Create Account')]
2026-05-13 16:53:18 INFO  core.utils.ElementHelper - Scrolling to element: By.xpath: //button[contains(text(),'Create Account')]
2026-05-13 16:53:18 INFO  core.utils.ExcelReader - Reading test data from Excel. File: src/test/resources/testdata/RegisterData.xlsx, Sheet: Register, TestCase: TC_REGISTER_001
2026-05-13 16:53:18 INFO  core.utils.ExcelReader - Test data loaded successfully for: TC_REGISTER_001
2026-05-13 16:53:18 INFO  core.utils.ElementHelper - Getting text from element: By.id: pw-match-msg
2026-05-13 16:53:18 INFO  core.utils.ExcelReader - Reading test data from Excel. File: src/test/resources/testdata/RegisterData.xlsx, Sheet: Register, TestCase: TC_REGISTER_003
2026-05-13 16:53:18 INFO  core.utils.ExcelReader - Test data loaded successfully for: TC_REGISTER_003
2026-05-13 16:53:18 INFO  core.utils.ElementHelper - Getting text from element: By.id: pw-match-msg
2026-05-13 16:53:18 INFO  core.utils.ExcelReader - Reading test data from Excel. File: src/test/resources/testdata/RegisterData.xlsx, Sheet: Register, TestCase: TC_REGISTER_002
2026-05-13 16:53:18 INFO  core.utils.ExcelReader - Test data loaded successfully for: TC_REGISTER_002
2026-05-13 16:53:18 INFO  core.utils.ExcelReader - Reading test data from Excel. File: src/test/resources/testdata/RegisterData.xlsx, Sheet: Register, TestCase: TC_REGISTER_009
2026-05-13 16:53:18 INFO  core.utils.ExcelReader - Reading test data from Excel. File: src/test/resources/testdata/RegisterData.xlsx, Sheet: Register, TestCase: TC_REGISTER_007
2026-05-13 16:53:18 INFO  core.utils.ExcelReader - Test data loaded successfully for: TC_REGISTER_009
2026-05-13 16:53:18 INFO  core.utils.ExcelReader - Test data loaded successfully for: TC_REGISTER_007
2026-05-13 16:53:18 INFO  core.utils.ExcelReader - Reading test data from Excel. File: src/test/resources/testdata/RegisterData.xlsx, Sheet: Register, TestCase: TC_REGISTER_010
2026-05-13 16:53:18 INFO  core.utils.ExcelReader - Test data loaded successfully for: TC_REGISTER_010
2026-05-13 16:53:18 INFO  core.utils.ElementHelper - Getting text from element: By.id: pw-match-msg
2026-05-13 16:53:19 INFO  core.utils.ExcelReader - Reading test data from Excel. File: src/test/resources/testdata/RegisterData.xlsx, Sheet: Register, TestCase: TC_REGISTER_006
2026-05-13 16:53:19 INFO  core.utils.ExcelReader - Test data loaded successfully for: TC_REGISTER_006
2026-05-13 16:53:19 INFO  core.utils.ExcelReader - Reading test data from Excel. File: src/test/resources/testdata/RegisterData.xlsx, Sheet: Register, TestCase: TC_REGISTER_005
2026-05-13 16:53:19 INFO  core.utils.ExcelReader - Test data loaded successfully for: TC_REGISTER_005
2026-05-13 16:53:19 INFO  core.utils.ElementHelper - Getting text from element: By.id: pw-match-msg
2026-05-13 16:53:19 INFO  core.utils.ExcelReader - Reading test data from Excel. File: src/test/resources/testdata/RegisterData.xlsx, Sheet: Register, TestCase: TC_REGISTER_008
2026-05-13 16:53:19 INFO  core.utils.ExcelReader - Test data loaded successfully for: TC_REGISTER_008
2026-05-13 16:53:19 INFO  core.utils.ElementHelper - Getting text from element: By.id: pw-match-msg
2026-05-13 16:53:21 INFO  core.driver.DriverFactory - Driver closed successfully
2026-05-13 16:53:21 INFO  core.hooks.Hooks - Finished Scenario: Register validation tests
2026-05-13 16:53:21 INFO  core.driver.DriverFactory - Initializing browser: chrome
2026-05-13 16:53:21 INFO  core.driver.DriverFactory - Headless mode: false
2026-05-13 16:53:21 INFO  core.driver.DriverFactory - Healenium enabled: false
2026-05-13 16:53:21 INFO  core.driver.DriverFactory - Driver closed successfully
2026-05-13 16:53:21 INFO  core.driver.DriverFactory - Driver closed successfully
2026-05-13 16:53:21 INFO  core.hooks.Hooks - Finished Scenario: Register validation tests
2026-05-13 16:53:21 INFO  core.driver.DriverFactory - Driver closed successfully
2026-05-13 16:53:21 INFO  core.hooks.Hooks - Finished Scenario: Register validation tests
2026-05-13 16:53:21 INFO  core.hooks.Hooks - Finished Scenario: Register validation tests
2026-05-13 16:53:21 INFO  core.driver.DriverFactory - Driver closed successfully
2026-05-13 16:53:21 INFO  core.hooks.Hooks - Finished Scenario: Register validation tests
2026-05-13 16:53:25 INFO  core.driver.DriverFactory - Browser initialized successfully
2026-05-13 16:53:25 INFO  core.hooks.Hooks - Starting Scenario: Register validation tests
2026-05-13 16:53:27 INFO  core.utils.ExcelReader - Reading test data from Excel. File: src/test/resources/testdata/RegisterData.xlsx, Sheet: Register, TestCase: TC_REGISTER_011
2026-05-13 16:53:27 INFO  core.utils.ExcelReader - Test data loaded successfully for: TC_REGISTER_011
2026-05-13 16:53:27 INFO  core.utils.ElementHelper - Typing text into element: By.name: username
2026-05-13 16:53:28 INFO  core.utils.ElementHelper - Typing text into element: By.name: email
2026-05-13 16:53:28 INFO  core.utils.ElementHelper - Typing text into element: By.name: password
2026-05-13 16:53:28 INFO  core.utils.ElementHelper - Typing text into element: By.name: confirmPassword
2026-05-13 16:53:29 INFO  core.utils.ElementHelper - Clicking element: By.xpath: //button[contains(text(),'Create Account')]
2026-05-13 16:53:29 INFO  core.driver.DriverFactory - Driver closed successfully
2026-05-13 16:53:29 INFO  core.hooks.Hooks - Finished Scenario: Register validation tests
2026-05-13 16:53:30 INFO  core.driver.DriverFactory - Driver closed successfully
2026-05-13 16:53:30 INFO  core.hooks.Hooks - Finished Scenario: Register validation tests
2026-05-13 16:53:30 INFO  core.driver.DriverFactory - Driver closed successfully
2026-05-13 16:53:30 INFO  core.hooks.Hooks - Finished Scenario: Register validation tests
2026-05-13 16:53:30 WARN  core.utils.ElementHelper - Normal click failed. Using JS click for: By.xpath: //button[contains(text(),'Create Account')]
2026-05-13 16:53:30 INFO  core.utils.ElementHelper - Scrolling to element: By.xpath: //button[contains(text(),'Create Account')]
2026-05-13 16:53:30 INFO  core.utils.ExcelReader - Reading test data from Excel. File: src/test/resources/testdata/RegisterData.xlsx, Sheet: Register, TestCase: TC_REGISTER_011
2026-05-13 16:53:30 INFO  core.utils.ExcelReader - Test data loaded successfully for: TC_REGISTER_011
2026-05-13 16:53:30 INFO  core.utils.ElementHelper - Getting text from element: By.id: pw-match-msg
2026-05-13 16:53:30 INFO  core.driver.DriverFactory - Driver closed successfully
2026-05-13 16:53:30 INFO  core.hooks.Hooks - Finished Scenario: Register validation tests
2026-05-13 16:53:31 INFO  core.driver.DriverFactory - Driver closed successfully
2026-05-13 16:53:31 INFO  core.hooks.Hooks - Finished Scenario: Register validation tests
2026-05-13 16:53:41 INFO  core.driver.DriverFactory - Driver closed successfully
2026-05-13 16:53:41 INFO  core.hooks.Hooks - Finished Scenario: Register validation tests
2026-05-14 09:47:20 INFO  core.driver.DriverFactory - Initializing browser: chrome
2026-05-14 09:47:20 INFO  core.driver.DriverFactory - Initializing browser: chrome
2026-05-14 09:47:20 INFO  core.driver.DriverFactory - Initializing browser: chrome
2026-05-14 09:47:20 INFO  core.driver.DriverFactory - Initializing browser: chrome
2026-05-14 09:47:20 INFO  core.driver.DriverFactory - Initializing browser: chrome
2026-05-14 09:47:20 INFO  core.driver.DriverFactory - Initializing browser: chrome
2026-05-14 09:47:20 INFO  core.driver.DriverFactory - Initializing browser: chrome
2026-05-14 09:47:20 INFO  core.driver.DriverFactory - Initializing browser: chrome
2026-05-14 09:47:20 INFO  core.driver.DriverFactory - Initializing browser: chrome
2026-05-14 09:47:20 INFO  core.driver.DriverFactory - Initializing browser: chrome
2026-05-14 09:47:20 INFO  core.driver.DriverFactory - Headless mode: false
2026-05-14 09:47:20 INFO  core.driver.DriverFactory - Headless mode: false
2026-05-14 09:47:20 INFO  core.driver.DriverFactory - Headless mode: false
2026-05-14 09:47:20 INFO  core.driver.DriverFactory - Healenium enabled: false
2026-05-14 09:47:20 INFO  core.driver.DriverFactory - Headless mode: false
2026-05-14 09:47:20 INFO  core.driver.DriverFactory - Headless mode: false
2026-05-14 09:47:20 INFO  core.driver.DriverFactory - Headless mode: false
2026-05-14 09:47:20 INFO  core.driver.DriverFactory - Healenium enabled: false
2026-05-14 09:47:20 INFO  core.driver.DriverFactory - Healenium enabled: false
2026-05-14 09:47:20 INFO  core.driver.DriverFactory - Headless mode: false
2026-05-14 09:47:20 INFO  core.driver.DriverFactory - Healenium enabled: false
2026-05-14 09:47:20 INFO  core.driver.DriverFactory - Headless mode: false
2026-05-14 09:47:20 INFO  core.driver.DriverFactory - Headless mode: false
2026-05-14 09:47:20 INFO  core.driver.DriverFactory - Healenium enabled: false
2026-05-14 09:47:20 INFO  core.driver.DriverFactory - Healenium enabled: false
2026-05-14 09:47:20 INFO  core.driver.DriverFactory - Headless mode: false
2026-05-14 09:47:20 INFO  core.driver.DriverFactory - Healenium enabled: false
2026-05-14 09:47:20 INFO  core.driver.DriverFactory - Healenium enabled: false
2026-05-14 09:47:20 INFO  core.driver.DriverFactory - Healenium enabled: false
2026-05-14 09:47:20 INFO  core.driver.DriverFactory - Healenium enabled: false
2026-05-14 09:47:28 INFO  core.driver.DriverFactory - Browser initialized successfully
2026-05-14 09:47:28 INFO  core.hooks.Hooks - Starting Scenario: Register validation tests
2026-05-14 09:47:29 INFO  core.driver.DriverFactory - Browser initialized successfully
2026-05-14 09:47:29 INFO  core.hooks.Hooks - Starting Scenario: Register validation tests
2026-05-14 09:47:29 INFO  core.utils.ExcelReader - Reading test data from Excel. File: src/test/resources/testdata/RegisterData.xlsx, Sheet: Register, TestCase: TC_REGISTER_006
2026-05-14 09:47:30 INFO  core.utils.ExcelReader - Reading test data from Excel. File: src/test/resources/testdata/RegisterData.xlsx, Sheet: Register, TestCase: TC_REGISTER_009
2026-05-14 09:47:30 INFO  core.driver.DriverFactory - Browser initialized successfully
2026-05-14 09:47:30 INFO  core.hooks.Hooks - Starting Scenario: Register validation tests
2026-05-14 09:47:30 INFO  core.driver.DriverFactory - Browser initialized successfully
2026-05-14 09:47:30 INFO  core.hooks.Hooks - Starting Scenario: Register validation tests
2026-05-14 09:47:31 INFO  core.utils.ExcelReader - Reading test data from Excel. File: src/test/resources/testdata/RegisterData.xlsx, Sheet: Register, TestCase: TC_REGISTER_008
2026-05-14 09:47:32 INFO  core.utils.ExcelReader - Test data loaded successfully for: TC_REGISTER_008
2026-05-14 09:47:32 INFO  core.utils.ExcelReader - Test data loaded successfully for: TC_REGISTER_006
2026-05-14 09:47:32 INFO  core.utils.ElementHelper - Typing text into element: By.name: username
2026-05-14 09:47:32 INFO  core.utils.ElementHelper - Typing text into element: By.name: username
2026-05-14 09:47:32 INFO  core.utils.ExcelReader - Test data loaded successfully for: TC_REGISTER_009
2026-05-14 09:47:32 INFO  core.utils.ElementHelper - Typing text into element: By.name: username
2026-05-14 09:47:33 INFO  core.utils.ExcelReader - Reading test data from Excel. File: src/test/resources/testdata/RegisterData.xlsx, Sheet: Register, TestCase: TC_REGISTER_010
2026-05-14 09:47:33 INFO  core.utils.ExcelReader - Test data loaded successfully for: TC_REGISTER_010
2026-05-14 09:47:33 INFO  core.utils.ElementHelper - Typing text into element: By.name: username
2026-05-14 09:47:33 INFO  core.driver.DriverFactory - Browser initialized successfully
2026-05-14 09:47:33 INFO  core.hooks.Hooks - Starting Scenario: Register validation tests
2026-05-14 09:47:33 INFO  core.utils.ElementHelper - Typing text into element: By.name: email
2026-05-14 09:47:33 INFO  core.utils.ElementHelper - Typing text into element: By.name: email
2026-05-14 09:47:34 INFO  core.utils.ElementHelper - Typing text into element: By.name: email
2026-05-14 09:47:34 INFO  core.utils.ElementHelper - Typing text into element: By.name: email
2026-05-14 09:47:34 INFO  core.driver.DriverFactory - Browser initialized successfully
2026-05-14 09:47:34 INFO  core.driver.DriverFactory - Browser initialized successfully
2026-05-14 09:47:34 INFO  core.hooks.Hooks - Starting Scenario: Register validation tests
2026-05-14 09:47:34 INFO  core.hooks.Hooks - Starting Scenario: Register validation tests
2026-05-14 09:47:35 INFO  core.driver.DriverFactory - Browser initialized successfully
2026-05-14 09:47:35 INFO  core.hooks.Hooks - Starting Scenario: Register validation tests
2026-05-14 09:47:35 INFO  core.utils.ExcelReader - Reading test data from Excel. File: src/test/resources/testdata/RegisterData.xlsx, Sheet: Register, TestCase: TC_REGISTER_003
2026-05-14 09:47:35 INFO  core.utils.ExcelReader - Test data loaded successfully for: TC_REGISTER_003
2026-05-14 09:47:35 INFO  core.utils.ElementHelper - Typing text into element: By.name: username
2026-05-14 09:47:35 INFO  core.driver.DriverFactory - Browser initialized successfully
2026-05-14 09:47:35 INFO  core.hooks.Hooks - Starting Scenario: Register validation tests
2026-05-14 09:47:35 INFO  core.utils.ElementHelper - Typing text into element: By.name: password
2026-05-14 09:47:35 INFO  core.utils.ElementHelper - Typing text into element: By.name: password
2026-05-14 09:47:35 INFO  core.utils.ElementHelper - Typing text into element: By.name: password
2026-05-14 09:47:35 INFO  core.utils.ElementHelper - Typing text into element: By.name: password
2026-05-14 09:47:36 INFO  core.utils.ElementHelper - Typing text into element: By.name: email
2026-05-14 09:47:36 INFO  core.utils.ExcelReader - Reading test data from Excel. File: src/test/resources/testdata/RegisterData.xlsx, Sheet: Register, TestCase: TC_REGISTER_007
2026-05-14 09:47:36 INFO  core.utils.ExcelReader - Test data loaded successfully for: TC_REGISTER_007
2026-05-14 09:47:36 INFO  core.utils.ElementHelper - Typing text into element: By.name: username
2026-05-14 09:47:36 INFO  core.utils.ExcelReader - Reading test data from Excel. File: src/test/resources/testdata/RegisterData.xlsx, Sheet: Register, TestCase: TC_REGISTER_004
2026-05-14 09:47:36 INFO  core.utils.ExcelReader - Test data loaded successfully for: TC_REGISTER_004
2026-05-14 09:47:36 INFO  core.utils.ElementHelper - Typing text into element: By.name: username
2026-05-14 09:47:36 INFO  core.utils.ElementHelper - Typing text into element: By.name: confirmPassword
2026-05-14 09:47:36 INFO  core.utils.ExcelReader - Reading test data from Excel. File: src/test/resources/testdata/RegisterData.xlsx, Sheet: Register, TestCase: TC_REGISTER_005
2026-05-14 09:47:36 INFO  core.utils.ElementHelper - Typing text into element: By.name: confirmPassword
2026-05-14 09:47:36 INFO  core.utils.ElementHelper - Typing text into element: By.name: confirmPassword
2026-05-14 09:47:36 INFO  core.utils.ExcelReader - Test data loaded successfully for: TC_REGISTER_005
2026-05-14 09:47:36 INFO  core.utils.ElementHelper - Typing text into element: By.name: username
2026-05-14 09:47:36 INFO  core.utils.ElementHelper - Typing text into element: By.name: confirmPassword
2026-05-14 09:47:36 INFO  core.utils.ElementHelper - Typing text into element: By.name: password
2026-05-14 09:47:37 INFO  core.utils.ElementHelper - Typing text into element: By.name: email
2026-05-14 09:47:37 INFO  core.utils.ElementHelper - Typing text into element: By.name: email
2026-05-14 09:47:37 INFO  core.utils.ElementHelper - Clicking element: By.xpath: //button[contains(text(),'Create Account')]
2026-05-14 09:47:37 INFO  core.utils.ElementHelper - Clicking element: By.xpath: //button[contains(text(),'Create Account')]
2026-05-14 09:47:37 INFO  core.utils.ElementHelper - Clicking element: By.xpath: //button[contains(text(),'Create Account')]
2026-05-14 09:47:37 INFO  core.utils.ElementHelper - Typing text into element: By.name: email
2026-05-14 09:47:37 INFO  core.utils.ElementHelper - Clicking element: By.xpath: //button[contains(text(),'Create Account')]
2026-05-14 09:47:37 INFO  core.utils.ElementHelper - Typing text into element: By.name: password
2026-05-14 09:47:37 INFO  core.utils.ElementHelper - Typing text into element: By.name: confirmPassword
2026-05-14 09:47:37 INFO  core.utils.ElementHelper - Typing text into element: By.name: password
2026-05-14 09:47:37 INFO  core.utils.ElementHelper - Typing text into element: By.name: password
2026-05-14 09:47:37 INFO  core.utils.ElementHelper - Typing text into element: By.name: confirmPassword
2026-05-14 09:47:37 INFO  core.utils.ElementHelper - Clicking element: By.xpath: //button[contains(text(),'Create Account')]
2026-05-14 09:47:37 INFO  core.utils.ElementHelper - Typing text into element: By.name: confirmPassword
2026-05-14 09:47:37 INFO  core.utils.ElementHelper - Clicking element: By.xpath: //button[contains(text(),'Create Account')]
2026-05-14 09:47:37 INFO  core.utils.ElementHelper - Typing text into element: By.name: confirmPassword
2026-05-14 09:47:37 INFO  core.utils.ElementHelper - Clicking element: By.xpath: //button[contains(text(),'Create Account')]
2026-05-14 09:47:38 INFO  core.utils.ElementHelper - Clicking element: By.xpath: //button[contains(text(),'Create Account')]
2026-05-14 09:47:38 WARN  core.utils.ElementHelper - Normal click failed. Using JS click for: By.xpath: //button[contains(text(),'Create Account')]
2026-05-14 09:47:38 INFO  core.driver.DriverFactory - Browser initialized successfully
2026-05-14 09:47:38 INFO  core.hooks.Hooks - Starting Scenario: Register validation tests
2026-05-14 09:47:38 WARN  core.utils.ElementHelper - Normal click failed. Using JS click for: By.xpath: //button[contains(text(),'Create Account')]
2026-05-14 09:47:38 WARN  core.utils.ElementHelper - Normal click failed. Using JS click for: By.xpath: //button[contains(text(),'Create Account')]
2026-05-14 09:47:38 WARN  core.utils.ElementHelper - Normal click failed. Using JS click for: By.xpath: //button[contains(text(),'Create Account')]
2026-05-14 09:47:38 INFO  core.utils.ElementHelper - Scrolling to element: By.xpath: //button[contains(text(),'Create Account')]
2026-05-14 09:47:38 INFO  core.utils.ElementHelper - Scrolling to element: By.xpath: //button[contains(text(),'Create Account')]
2026-05-14 09:47:38 INFO  core.utils.ElementHelper - Scrolling to element: By.xpath: //button[contains(text(),'Create Account')]
2026-05-14 09:47:38 INFO  core.utils.ElementHelper - Scrolling to element: By.xpath: //button[contains(text(),'Create Account')]
2026-05-14 09:47:38 INFO  core.utils.ExcelReader - Reading test data from Excel. File: src/test/resources/testdata/RegisterData.xlsx, Sheet: Register, TestCase: TC_REGISTER_009
2026-05-14 09:47:38 INFO  core.utils.ExcelReader - Test data loaded successfully for: TC_REGISTER_009
2026-05-14 09:47:38 WARN  core.utils.ElementHelper - Normal click failed. Using JS click for: By.xpath: //button[contains(text(),'Create Account')]
2026-05-14 09:47:39 INFO  core.utils.ExcelReader - Reading test data from Excel. File: src/test/resources/testdata/RegisterData.xlsx, Sheet: Register, TestCase: TC_REGISTER_006
2026-05-14 09:47:39 INFO  core.utils.ExcelReader - Test data loaded successfully for: TC_REGISTER_006
2026-05-14 09:47:39 INFO  core.utils.ExcelReader - Reading test data from Excel. File: src/test/resources/testdata/RegisterData.xlsx, Sheet: Register, TestCase: TC_REGISTER_010
2026-05-14 09:47:39 WARN  core.utils.ElementHelper - Normal click failed. Using JS click for: By.xpath: //button[contains(text(),'Create Account')]
2026-05-14 09:47:39 INFO  core.utils.ExcelReader - Test data loaded successfully for: TC_REGISTER_010
2026-05-14 09:47:39 INFO  core.utils.ElementHelper - Getting text from element: By.id: pw-match-msg
2026-05-14 09:47:39 INFO  core.utils.ExcelReader - Reading test data from Excel. File: src/test/resources/testdata/RegisterData.xlsx, Sheet: Register, TestCase: TC_REGISTER_002
2026-05-14 09:47:39 INFO  core.utils.ExcelReader - Test data loaded successfully for: TC_REGISTER_002
2026-05-14 09:47:39 INFO  core.utils.ElementHelper - Typing text into element: By.name: username
2026-05-14 09:47:39 WARN  core.utils.ElementHelper - Normal click failed. Using JS click for: By.xpath: //button[contains(text(),'Create Account')]
2026-05-14 09:47:39 WARN  core.utils.ElementHelper - Normal click failed. Using JS click for: By.xpath: //button[contains(text(),'Create Account')]
2026-05-14 09:47:39 INFO  core.utils.ElementHelper - Scrolling to element: By.xpath: //button[contains(text(),'Create Account')]
2026-05-14 09:47:39 INFO  core.utils.ElementHelper - Scrolling to element: By.xpath: //button[contains(text(),'Create Account')]
2026-05-14 09:47:40 INFO  core.utils.ExcelReader - Reading test data from Excel. File: src/test/resources/testdata/RegisterData.xlsx, Sheet: Register, TestCase: TC_REGISTER_008
2026-05-14 09:47:40 INFO  core.utils.ExcelReader - Test data loaded successfully for: TC_REGISTER_008
2026-05-14 09:47:40 INFO  core.utils.ElementHelper - Getting text from element: By.id: pw-match-msg
2026-05-14 09:47:40 INFO  core.utils.ElementHelper - Scrolling to element: By.xpath: //button[contains(text(),'Create Account')]
2026-05-14 09:47:40 INFO  core.utils.ElementHelper - Scrolling to element: By.xpath: //button[contains(text(),'Create Account')]
2026-05-14 09:47:40 INFO  core.utils.ExcelReader - Reading test data from Excel. File: src/test/resources/testdata/RegisterData.xlsx, Sheet: Register, TestCase: TC_REGISTER_001
2026-05-14 09:47:40 INFO  core.utils.ExcelReader - Test data loaded successfully for: TC_REGISTER_001
2026-05-14 09:47:40 INFO  core.utils.ElementHelper - Typing text into element: By.name: username
2026-05-14 09:47:40 INFO  core.utils.ExcelReader - Reading test data from Excel. File: src/test/resources/testdata/RegisterData.xlsx, Sheet: Register, TestCase: TC_REGISTER_003
2026-05-14 09:47:40 INFO  core.utils.ExcelReader - Test data loaded successfully for: TC_REGISTER_003
2026-05-14 09:47:40 INFO  core.utils.ElementHelper - Getting text from element: By.id: pw-match-msg
2026-05-14 09:47:41 INFO  core.utils.ExcelReader - Reading test data from Excel. File: src/test/resources/testdata/RegisterData.xlsx, Sheet: Register, TestCase: TC_REGISTER_007
2026-05-14 09:47:41 INFO  core.utils.ExcelReader - Test data loaded successfully for: TC_REGISTER_007
2026-05-14 09:47:41 INFO  core.utils.ExcelReader - Reading test data from Excel. File: src/test/resources/testdata/RegisterData.xlsx, Sheet: Register, TestCase: TC_REGISTER_004
2026-05-14 09:47:41 INFO  core.utils.ExcelReader - Test data loaded successfully for: TC_REGISTER_004
2026-05-14 09:47:41 INFO  core.utils.ElementHelper - Getting text from element: By.id: pw-match-msg
2026-05-14 09:47:41 INFO  core.utils.ElementHelper - Typing text into element: By.name: email
2026-05-14 09:47:41 INFO  core.utils.ElementHelper - Typing text into element: By.name: email
2026-05-14 09:47:41 INFO  core.utils.ExcelReader - Reading test data from Excel. File: src/test/resources/testdata/RegisterData.xlsx, Sheet: Register, TestCase: TC_REGISTER_005
2026-05-14 09:47:41 INFO  core.utils.ExcelReader - Test data loaded successfully for: TC_REGISTER_005
2026-05-14 09:47:41 INFO  core.utils.ElementHelper - Getting text from element: By.id: pw-match-msg
2026-05-14 09:47:42 INFO  core.utils.ElementHelper - Typing text into element: By.name: password
2026-05-14 09:47:42 INFO  core.utils.ElementHelper - Typing text into element: By.name: password
2026-05-14 09:47:42 INFO  core.utils.ElementHelper - Typing text into element: By.name: confirmPassword
2026-05-14 09:47:42 INFO  core.utils.ElementHelper - Typing text into element: By.name: confirmPassword
2026-05-14 09:47:42 INFO  core.utils.ElementHelper - Clicking element: By.xpath: //button[contains(text(),'Create Account')]
2026-05-14 09:47:42 INFO  core.utils.ElementHelper - Clicking element: By.xpath: //button[contains(text(),'Create Account')]
2026-05-14 09:47:43 WARN  core.utils.ElementHelper - Normal click failed. Using JS click for: By.xpath: //button[contains(text(),'Create Account')]
2026-05-14 09:47:43 WARN  core.utils.ElementHelper - Normal click failed. Using JS click for: By.xpath: //button[contains(text(),'Create Account')]
2026-05-14 09:47:44 INFO  core.utils.ElementHelper - Scrolling to element: By.xpath: //button[contains(text(),'Create Account')]
2026-05-14 09:47:44 INFO  core.utils.ElementHelper - Scrolling to element: By.xpath: //button[contains(text(),'Create Account')]
2026-05-14 09:47:44 INFO  core.utils.ExcelReader - Reading test data from Excel. File: src/test/resources/testdata/RegisterData.xlsx, Sheet: Register, TestCase: TC_REGISTER_002
2026-05-14 09:47:44 INFO  core.utils.ExcelReader - Reading test data from Excel. File: src/test/resources/testdata/RegisterData.xlsx, Sheet: Register, TestCase: TC_REGISTER_001
2026-05-14 09:47:44 INFO  core.utils.ExcelReader - Test data loaded successfully for: TC_REGISTER_002
2026-05-14 09:47:44 INFO  core.utils.ExcelReader - Test data loaded successfully for: TC_REGISTER_001
2026-05-14 09:47:44 INFO  core.utils.ElementHelper - Getting text from element: By.id: pw-match-msg
2026-05-14 09:47:46 INFO  core.driver.DriverFactory - Driver closed successfully
2026-05-14 09:47:46 INFO  core.hooks.Hooks - Finished Scenario: Register validation tests
2026-05-14 09:47:46 INFO  core.driver.DriverFactory - Initializing browser: chrome
2026-05-14 09:47:46 INFO  core.driver.DriverFactory - Headless mode: false
2026-05-14 09:47:46 INFO  core.driver.DriverFactory - Healenium enabled: false
2026-05-14 09:47:46 INFO  core.driver.DriverFactory - Driver closed successfully
2026-05-14 09:47:46 INFO  core.hooks.Hooks - Finished Scenario: Register validation tests
2026-05-14 09:47:46 INFO  core.driver.DriverFactory - Driver closed successfully
2026-05-14 09:47:46 INFO  core.hooks.Hooks - Finished Scenario: Register validation tests
2026-05-14 09:47:46 INFO  core.driver.DriverFactory - Driver closed successfully
2026-05-14 09:47:46 INFO  core.hooks.Hooks - Finished Scenario: Register validation tests
2026-05-14 09:47:47 INFO  core.driver.DriverFactory - Driver closed successfully
2026-05-14 09:47:47 INFO  core.hooks.Hooks - Finished Scenario: Register validation tests
2026-05-14 09:47:47 INFO  core.driver.DriverFactory - Browser initialized successfully
2026-05-14 09:47:47 INFO  core.hooks.Hooks - Starting Scenario: Register validation tests
2026-05-14 09:47:48 INFO  core.utils.ExcelReader - Reading test data from Excel. File: src/test/resources/testdata/RegisterData.xlsx, Sheet: Register, TestCase: TC_REGISTER_011
2026-05-14 09:47:49 INFO  core.utils.ExcelReader - Test data loaded successfully for: TC_REGISTER_011
2026-05-14 09:47:49 INFO  core.utils.ElementHelper - Typing text into element: By.name: username
2026-05-14 09:47:49 INFO  core.utils.ElementHelper - Typing text into element: By.name: email
2026-05-14 09:47:49 INFO  core.utils.ElementHelper - Typing text into element: By.name: password
2026-05-14 09:47:50 INFO  core.utils.ElementHelper - Typing text into element: By.name: confirmPassword
2026-05-14 09:47:50 INFO  core.utils.ElementHelper - Clicking element: By.xpath: //button[contains(text(),'Create Account')]
2026-05-14 09:47:50 INFO  core.driver.DriverFactory - Driver closed successfully
2026-05-14 09:47:50 INFO  core.hooks.Hooks - Finished Scenario: Register validation tests
2026-05-14 09:47:51 WARN  core.utils.ElementHelper - Normal click failed. Using JS click for: By.xpath: //button[contains(text(),'Create Account')]
2026-05-14 09:47:51 INFO  core.utils.ElementHelper - Scrolling to element: By.xpath: //button[contains(text(),'Create Account')]
2026-05-14 09:47:51 INFO  core.utils.ExcelReader - Reading test data from Excel. File: src/test/resources/testdata/RegisterData.xlsx, Sheet: Register, TestCase: TC_REGISTER_011
2026-05-14 09:47:51 INFO  core.utils.ExcelReader - Test data loaded successfully for: TC_REGISTER_011
2026-05-14 09:47:51 INFO  core.utils.ElementHelper - Getting text from element: By.id: pw-match-msg
2026-05-14 09:47:52 INFO  core.driver.DriverFactory - Driver closed successfully
2026-05-14 09:47:52 INFO  core.hooks.Hooks - Finished Scenario: Register validation tests
2026-05-14 09:47:52 INFO  core.driver.DriverFactory - Driver closed successfully
2026-05-14 09:47:52 INFO  core.hooks.Hooks - Finished Scenario: Register validation tests
2026-05-14 09:47:52 INFO  core.driver.DriverFactory - Driver closed successfully
2026-05-14 09:47:52 INFO  core.hooks.Hooks - Finished Scenario: Register validation tests
2026-05-14 09:47:52 INFO  core.driver.DriverFactory - Driver closed successfully
2026-05-14 09:47:52 INFO  core.hooks.Hooks - Finished Scenario: Register validation tests
2026-05-14 09:48:02 INFO  core.driver.DriverFactory - Driver closed successfully
2026-05-14 09:48:02 INFO  core.hooks.Hooks - Finished Scenario: Register validation tests
